RECKEY,COMPANY,AUTOCITY,AUTOSTAT,CITYCODE,RENTDATE,DATEBACK,DAYS,ABOOKRAT,CARTYPE,RATETYPE,MONEYTYPE,CPLUSMIN,CCOMMISN,CARCODE,EXCPCODEC,CEXCPRATE,INVBYAGCY,CONFIRMNO,SVNGCODE,STNDRATE,TRANTYPE
2001786,SIXT CAR,MILAN,IT,MIL,01/11/2022,01/12/2022,1,31.4,EDMR,DY,EUR,1,0.0,SX,,0.0,F,9916014986,,,I
2001787,SIXT CAR,BOLOGNA,IT,BLQ,12/21/2021,12/21/2021,1,31.4,EDMR,DY,EUR,1,0.0,SX,,0.0,F,9915817575,,,I
2001780,SIXT CAR,MILAN,IT,LIN,12/16/2021,12/17/2021,1,29.2,ECMR,DY,EUR,1,0.0,SX,,0.0,F,,,,I
2001777,SIXT CAR,MILAN,IT,LIN,12/17/2021,12/17/2021,1,29.2,ECMR,DY,EUR,1,0.0,SX,,0.0,F,,,,I
2001781,SIXT CAR,TURIN,IT,TRN,12/13/2021,12/18/2021,5,31.4,EDMR,DY,EUR,1,0.0,SX,,0.0,F,,,,I
2001791,AVIS,REGGIO CALABRIA,IT,REG,12/15/2021,12/16/2021,1,47.0,CDMR,DY,EUR,1,0.0,ZI,,0.0,F,19407579IT2,,,I
2001655,SIXT CAR,MUNICH,DE,MUC,12/12/2021,12/17/2021,5,31.52,CDMR,DY,EUR,1,0.0,SX,,0.0,F,9915669573,,,I
2001619,SIXT CAR,FRANKFURT,DE,FRA,12/05/2021,12/08/2021,3,33.18,CDMR,DY,EUR,1,0.0,SX,,0.0,F,9915508479,,,I
2001761,SIXT CAR,BOLOGNA,IT,BLQ,12/21/2021,12/21/2021,1,56.53,,DY,EUR,1,,SX,,,T,,,,
