RECKEY,INVOICE,INVDATE,ACCT,AGENTID,BRANCH,PSEUDOCITY,BOOKDATE,VALCARR,TICKET,PASSLAST,PASSFRST,STNDCHG,MKTFARE,OFFRDCHG,REASCODE,AIRCHG,BASEFARE,FARETAX,SVCFEE,CREDCARD,CARDNUM,RECLOC,DOMINTL,TRANTYPE,BREAK1,BREAK2,BREAK3,DEPDATE,ARRDATE,PLUSMIN,SAVINGCODE,ACOMMISN,TOURCODE,TICKETTYPE,MONEYTYPE,EXCHANGE,ORIGTICKET,TAX1,TAX2,TAX3,TAX4,IATANBR,TKAGENT,BKAGENT,VALCARRMOD,GDS,TRAVELERID,BOOKINGNBR
2001600,,12/03/2021,4406,RR,,MILIG21JK,12/03/2021,31,70UCFQC921,Venturini,Filippo,130.0,0.0,0.0,AW,130.0,130.0,0.0,0.0,Y,TP000000000089535,UCFQC9,D,I,IT,HC,DE,12/06/2021,12/06/2021,1,,0.0,,PT,EUR,N,,0.0,0.0,0.0,0.0,38204342.0,WS,AGENT,R,AM,M227031,EITS
2001601,,12/17/2021,4406,RR,,MILIG21JK,12/17/2021,31,70UO22KP21,Scaramuzza,Giuseppe,130.0,0.0,0.0,AW,130.0,130.0,0.0,0.0,Y,TP000000000089535,UO22KP,D,I,IT,HC,IF,12/22/2021,12/23/2021,1,,0.0,,PT,EUR,N,,0.0,0.0,0.0,0.0,38204342.0,WS,AGENT,R,AM,M253064,EITS
2001602,,12/23/2021,4406,SB,,MILIG21JK,12/23/2021,YY,70KVXB9W01,Di Carluccio,Ferdinando,187.68,0.0,0.0,AW,187.68,187.68,0.0,0.0,Y,TP000000000089535,KVXB9W,D,I,IT,HC,IF,01/26/2022,01/27/2022,1,,0.0,,PT,EUR,N,,0.0,0.0,0.0,0.0,38204342.0,WS,AGENT,A,AM,M143461,EITS
2001603,,12/23/2021,4406,RR,,MILIG21JK,12/23/2021,YY,70KFQOIU01,Albanese,Angela,185.0,0.0,0.0,AW,185.0,185.0,0.0,0.0,Y,TP000000000089535,KFQOIU,D,I,IT,HC,DE,01/26/2022,01/27/2022,1,,0.0,,PT,EUR,N,,0.0,0.0,0.0,0.0,38204342.0,WS,AGENT,A,AM,M274819,EITS
2001604,,12/10/2021,4406,RB,,MILIG21JK,12/10/2021,YY,70NGLA5P01,Scarpato,Christian,221.0,0.0,0.0,AW,221.0,221.0,0.0,0.0,Y,TP000000000089535,NGLA5P,D,I,IT,HC,GM,12/23/2021,12/23/2021,1,,0.0,,PT,EUR,N,,0.0,0.0,0.0,0.0,38204342.0,WS,AGENT,A,AM,M269850,EITS
2001605,2536.0,12/17/2021,4406,RB,FC,MILIG21JK,12/17/2021,AZ,6337840139,Pollio,Esther,126.8,0.0,112.42,AL,112.42,24.0,88.42,0.0,Y,TP000000000089535,VDKIU4,D,I,IT,HC,IF,01/12/2022,01/13/2022,1,,0.22,,TE,EUR,N,,7.9,22.0,58.52,0.0,38204342.0,RB,AGENT,A,AM,M291504,EITS
2001606,,12/17/2021,4406,RB,,MILIG21JK,12/17/2021,31,70VFB4J721,Venturini,Filippo,130.0,0.0,0.0,AW,130.0,130.0,0.0,0.0,Y,TP000000000089535,VFB4J7,D,I,IT,HC,DE,12/20/2021,12/20/2021,1,,0.0,,PT,EUR,N,,0.0,0.0,0.0,0.0,38204342.0,WS,AGENT,R,AM,M227031,EITS
2001607,,12/10/2021,4406,RB,,MILIG21JK,12/10/2021,31,70NLQX5C21,Bertoncelli,Daniela,206.0,0.0,0.0,AW,206.0,206.0,0.0,0.0,Y,TP000000000089535,NLQX5C,D,I,IT,HC,DE,12/13/2021,12/15/2021,1,,0.0,,PT,EUR,N,,0.0,0.0,0.0,0.0,38204342.0,WS,AGENT,R,AM,M127627,EITS
2001608,2542.0,12/17/2021,4406,RR,FC,MILIG21JK,12/17/2021,AZ,6337840138,Papappicco,Giuseppe,141.6,0.0,125.24,AL,125.24,45.0,80.24,0.0,Y,TP000000000089535,UH5EWG,D,I,IT,HC,GM,12/21/2021,12/22/2021,1,,0.41,,TE,EUR,N,,7.9,22.0,50.34,0.0,38204342.0,WS,AGENT,A,AM,M143639,EITS
2001609,,12/07/2021,4406,RB,,MILIG21JK,12/07/2021,1R,70SPZ7V921,BUTTINONI,IRIS,1.0,1.0,1.0,AL,1.0,-31.29,32.29,0.0,Y,TP000000000089535,SPZ7V9,?,I,IT,UNK,CM,12/15/2021,12/16/2021,1,,0.38,,TK,EUR,N,,3.95,11.0,17.34,0.0,38204342.0,RB,AGENT,R,AM,,EITS
2001610,2521.0,12/17/2021,4406,RR,FC,MILIG21JK,12/17/2021,AZ,6337840137,Anaclerio,Giuseppe,141.6,0.0,125.24,AL,125.24,45.0,80.24,0.0,Y,TP000000000089535,UHYXQR,D,I,IT,HC,GM,12/21/2021,12/22/2021,1,,0.41,,TE,EUR,N,,7.9,22.0,50.34,0.0,38204342.0,WS,AGENT,A,AM,M143286,EITS
2001611,2520.0,12/17/2021,4406,RR,FC,MILIG21JK,12/17/2021,AZ,6337840136,Muserra,Giovanni,141.6,0.0,125.24,AL,125.24,45.0,80.24,0.0,Y,TP000000000089535,UHYP65,D,I,IT,HC,GM,12/21/2021,12/22/2021,1,,0.41,,TE,EUR,N,,7.9,22.0,50.34,0.0,38204342.0,WS,AGENT,A,AM,M143608,EITS
2001612,2519.0,12/17/2021,4406,RR,FC,MILIG21JK,12/17/2021,AZ,6337840135,Ultimo,Nicola,141.6,0.0,125.24,AL,125.24,45.0,80.24,0.0,Y,TP000000000089535,UHZHFC,D,I,IT,HC,GM,12/21/2021,12/22/2021,1,,0.41,,TE,EUR,N,,7.9,22.0,50.34,0.0,38204342.0,WS,AGENT,A,AM,M143782,EITS
2001613,2518.0,12/17/2021,4406,RR,FC,MILIG21JK,12/17/2021,AZ,6337840134,Chirico,Nicola,141.6,0.0,125.24,AL,125.24,45.0,80.24,0.0,Y,TP000000000089535,UHYV7R,D,I,IT,HC,GM,12/21/2021,12/22/2021,1,,0.41,,TE,EUR,N,,7.9,22.0,50.34,0.0,38204342.0,WS,AGENT,A,AM,M143390,EITS
2001614,2515.0,12/17/2021,4406,RR,FC,MILIG21JK,12/17/2021,AZ,6337840131,Foscolo,Katia,49.22,0.0,49.22,AL,49.22,17.0,32.22,0.0,Y,TP000000000089535,UBY3CP,D,I,IT,MGF,HR,12/21/2021,12/21/2021,1,,0.15,,TE,EUR,N,,3.95,11.0,17.27,0.0,38204342.0,RR,AGENT,A,AM,M161672,EITS
2001615,,12/10/2021,4406,RB,,MILIG21JK,12/10/2021,31,70NLRGUN21,Bertoncelli,Daniela,178.0,0.0,0.0,AW,178.0,178.0,0.0,0.0,Y,TP000000000089535,NLRGUN,D,I,IT,HC,DE,12/17/2021,12/17/2021,1,,0.0,,PT,EUR,N,,0.0,0.0,0.0,0.0,38204342.0,WS,AGENT,R,AM,M127627,EITS
2001616,,12/03/2021,4411,RR,,MILIG21JK,12/03/2021,31,70UM5UUK21,VACATELLO,MANUELA DR,108.8,0.0,0.0,AW,108.8,108.8,0.0,0.0,Y,TP000000000033777,UM5UUK,D,I,IT,LS,LS,12/16/2021,12/16/2021,1,,0.0,,PT,EUR,N,,0.0,0.0,0.0,0.0,38204342.0,WS,AGENT,R,AM,M251473,EITS
2001617,,12/03/2021,4406,RR,,MILIG21JK,12/01/2021,31,70P8T9VJ21,Balestrino,Adriana,184.0,0.0,0.0,AW,184.0,184.0,0.0,0.0,Y,TP000000000089535,P8T9VJ,D,I,IT,HC,IF,12/07/2021,12/07/2021,1,,0.0,,PT,EUR,N,,0.0,0.0,0.0,0.0,38204342.0,WS,AGENT,R,AM,M233269,EITS
2001618,,12/01/2021,4406,SB,,MILIG21JK,12/01/2021,YY,70ORUN2H01,Albanese,Angela,100.47,0.0,0.0,AW,100.47,100.47,0.0,0.0,Y,TP000000000089535,ORUN2H,D,I,IT,HC,DE,12/20/2021,12/20/2021,1,,0.0,,PT,EUR,N,,0.0,0.0,0.0,0.0,38204342.0,WS,AGENT,A,AM,M274819,EITS
2001619,,12/03/2021,4406,SB,,MILIG21JK,12/03/2021,YY,70UW9LSW01,Lisco,Claudio,441.7,0.0,441.7,AL,441.7,368.0,73.7,0.0,Y,TP000000000089535,UW9LSW,D,I,IT,NOHR,GM,12/05/2021,12/05/2021,1,,0.37,,PT,EUR,N,,39.0,19.0,15.7,0.0,38204342.0,SB,AGENT,A,AM,X227104,EITS
2001620,2493.0,12/14/2021,4411,RR,FC,MILIG21JK,12/14/2021,KL,6337840129,PEGGION,VERENA,510.13,0.0,510.13,AL,510.13,403.0,107.13,0.0,Y,TP000000000033777,LBCHST,I,I,IT,LS,LS,12/15/2021,12/17/2021,1,,0.4,,TE,EUR,N,,26.0,2.32,78.81,0.0,38204342.0,WS,AGENT,A,AM,M255300,EITS
2001621,,12/01/2021,4406,SB,,MILIG21JK,12/01/2021,31,70OHBCHZ21,Centonze,Chiara,264.0,0.0,0.0,AW,264.0,264.0,0.0,0.0,Y,TP000000000089535,OHBCHZ,D,I,IT,HC,DE,12/03/2021,12/03/2021,1,,0.0,,PT,EUR,N,,0.0,0.0,0.0,0.0,38204342.0,WS,AGENT,R,AM,M248782,EITS
2001622,,12/06/2021,4406,RR,,MILIG21JK,12/06/2021,31,70PYOIX921,Borghesan,Stefano,244.0,0.0,0.0,AW,244.0,244.0,0.0,0.0,Y,TP000000000089535,PYOIX9,D,I,IT,HC,IF,12/07/2021,12/07/2021,1,,0.0,,PT,EUR,N,,0.0,0.0,0.0,0.0,38204342.0,WS,AGENT,R,AM,M143332,EITS
2001623,,12/06/2021,4406,RR,,MILIG21JK,11/22/2021,YY,70QD4PFU01,Pessina,Gabriella,150.0,0.0,0.0,AW,150.0,150.0,0.0,0.0,Y,TP000000000089535,QD4PFU,D,I,IT,HC,DE,12/06/2021,12/06/2021,1,,0.0,,PT,EUR,N,,0.0,0.0,0.0,0.0,38204342.0,RR,AGENT,A,AM,M115395,EITS
2001624,,12/06/2021,4406,RR,,MILIG21JK,12/06/2021,31,70PZJXQY21,Mascia,Matteo,258.0,0.0,0.0,AW,258.0,258.0,0.0,0.0,Y,TP000000000089535,PZJXQY,D,I,IT,HC,IF,12/07/2021,12/07/2021,1,,0.0,,PT,EUR,N,,0.0,0.0,0.0,0.0,38204342.0,WS,AGENT,R,AM,M249867,EITS
2001625,,12/03/2021,4406,RR,,MILIG21JK,12/03/2021,31,70UD5GFO21,Venturini,Filippo,130.0,0.0,0.0,AW,130.0,130.0,0.0,0.0,Y,TP000000000089535,UD5GFO,D,I,IT,HC,DE,12/09/2021,12/09/2021,1,,0.0,,PT,EUR,N,,0.0,0.0,0.0,0.0,38204342.0,WS,AGENT,R,AM,M227031,EITS
2001626,,12/03/2021,4406,SB,,MILIG21JK,12/03/2021,YY,70UX4ZWU01,Lisco,Claudio,231.5,0.0,229.41,AL,229.41,87.0,142.41,0.0,Y,TP000000000089535,UX4ZWU,D,I,IT,NOHR,GM,12/08/2021,12/08/2021,1,,0.87,,PT,EUR,N,,3.95,64.0,74.46,0.0,38204342.0,SB,AGENT,A,AM,X227104,EITS
2001627,2400.0,12/03/2021,4406,RR,FC,MILIG21JK,12/03/2021,LX,6337840112,Fontana,Massimiliano,383.2,0.0,338.3,AL,338.3,203.0,135.3,0.0,Y,TP000000000089535,UUEFOD,I,I,IT,HC,GM,12/12/2021,12/14/2021,1,,0.2,,TE,EUR,N,,56.0,19.0,60.3,0.0,38204342.0,WS,AGENT,A,AM,M271820,EITS
2001628,2417.0,12/03/2021,4406,SB,FC,MILIG21JK,12/03/2021,LH,6337840115,Lisco,Claudio,441.7,0.0,441.7,AL,441.7,368.0,73.7,0.0,Y,TP000000000089535,UW9LSW,I,I,IT,NOHR,GM,12/05/2021,12/05/2021,1,,0.37,,TE,EUR,N,,39.0,19.0,15.7,0.0,38204342.0,WS,AGENT,A,AM,X227104,EITS
2001629,,12/03/2021,4406,RR,,MILIG21JK,11/25/2021,31,70KY2FV601,Scognamiglio,Mauro,130.0,0.0,0.0,AW,130.0,130.0,0.0,0.0,Y,TP000000000089535,KY2FV6,D,I,IT,HC,IF,12/03/2021,12/03/2021,1,,0.0,,PT,EUR,N,,0.0,0.0,0.0,0.0,38204342.0,RR,AGENT,R,AM,M127703,EITS
2001630,2414.0,12/03/2021,4406,SB,FC,MILIG21JK,12/03/2021,AZ,6337840114,Lisco,Claudio,231.5,0.0,229.41,AL,229.41,87.0,142.41,0.0,Y,TP000000000089535,UX4ZWU,I,I,IT,NOHR,GM,12/08/2021,12/08/2021,1,,0.87,,TE,EUR,N,,3.95,64.0,74.46,0.0,38204342.0,WS,AGENT,A,AM,X227104,EITS
2001631,,12/03/2021,4406,RR,,MILIG21JK,12/03/2021,31,70V4ZOLK21,Rizzi,Caterina,190.0,0.0,0.0,AW,190.0,190.0,0.0,0.0,Y,TP000000000089535,V4ZOLK,D,I,IT,HC,DE,12/09/2021,12/09/2021,1,,0.0,,PT,EUR,N,,0.0,0.0,0.0,0.0,38204342.0,WS,AGENT,R,AM,M282268,EITS
2001632,,12/01/2021,4406,SB,,MILIG21JK,11/15/2021,YY,70WS87J201,Aloe,Alessandra,150.77,0.0,0.0,AB,150.77,2530.0,-2379.23,0.0,Y,TP000000000089535,WS87J2,D,I,IT,HC,DE,05/09/2022,05/13/2022,1,,2.53,,PT,EUR,N,,-2379.71,0.48,0.0,0.0,38204342.0,SB,AGENT,A,AM,M214878,EITS
2001633,2401.0,12/03/2021,4406,RR,FC,MILIG21JK,12/03/2021,LX,6337840113,Falco,Nunzia,383.2,0.0,338.3,AL,338.3,203.0,135.3,0.0,Y,TP000000000089535,UTU6PN,I,I,IT,HC,GM,12/12/2021,12/14/2021,1,,0.2,,TE,EUR,N,,56.0,19.0,60.3,0.0,38204342.0,WS,AGENT,A,AM,M216202,EITS
2001634,,12/10/2021,4406,RB,,MILIG21JK,12/10/2021,31,70NRSUJB21,Venturini,Filippo,130.0,0.0,0.0,AW,130.0,130.0,0.0,0.0,Y,TP000000000089535,NRSUJB,D,I,IT,HC,DE,12/13/2021,12/14/2021,1,,0.0,,PT,EUR,N,,0.0,0.0,0.0,0.0,38204342.0,WS,AGENT,R,AM,M227031,EITS
2001635,,12/03/2021,4406,RR,,MILIG21JK,12/03/2021,31,70USZ74I21,Zenga,Roberto,248.75,0.0,0.0,AW,248.75,248.75,0.0,0.0,Y,TP000000000089535,USZ74I,D,I,IT,HC,IF,12/16/2021,12/17/2021,1,,0.0,,PT,EUR,N,,0.0,0.0,0.0,0.0,38204342.0,WS,AGENT,R,AM,M276272,EITS
2001636,,12/13/2021,4406,RR,,MILIG21JK,12/13/2021,1R,70WVV2W521,Colombo,Paolo,1.0,0.0,1.0,,1.0,1.0,0.0,0.0,Y,TP000000000089535,WVV2W5,D,I,IT,HC,IF,12/20/2021,12/20/2021,1,,0.0,,TK,EUR,N,,0.0,0.0,0.0,0.0,38204342.0,RR,AGENT,R,AM,M219491,EITS
2001637,,12/09/2021,4406,RR,,MILIG21JK,12/03/2021,YY,70UUEFOD01,Fontana,Massimiliano,383.2,0.0,338.3,AL,338.3,203.0,135.3,0.0,Y,TP000000000089535,UUEFOD,D,I,IT,HC,GM,12/12/2021,12/14/2021,1,,0.2,,PT,EUR,N,,56.0,19.0,60.3,0.0,38204342.0,RR,AGENT,A,AM,M271820,EITS
2001638,,12/01/2021,4406,SB,,MILIG21JK,12/01/2021,YY,70OSNDMX01,Albanese,Angela,76.33,0.0,76.33,AW,76.33,76.33,0.0,0.0,Y,TP000000000089535,OSNDMX,D,I,IT,HC,DE,12/21/2021,12/21/2021,1,,0.0,,PT,EUR,N,,0.0,0.0,0.0,0.0,38204342.0,WS,AGENT,A,AM,M274819,EITS
2001639,13645.0,12/13/2021,4411,SB,,MILIG21JK,12/09/2021,LH,6337840126127,TAGLIAPIETRA,GIANLUCA,4958.03,0.0,4778.03,AB,4958.03,4296.0,662.03,0.0,Y,TP000000000033777,KIN9AZ,I,I,IT,LS,LS,01/30/2022,02/04/2022,1,,4.3,,TE,EUR,N,,508.0,19.0,135.03,0.0,38204342.0,WS,AGENT,A,AM,M241098,EITS
2001640,,12/13/2021,4411,WS,,MILIG21JK,11/11/2021,YY,70KSV87H01,SANVITO,ALESSANDRO EUGENIO,0.0,0.0,0.0,AL,0.0,161.0,-161.0,0.0,Y,TP000000000033777,KSV87H,D,I,IT,LS,EZGO,02/15/2022,02/17/2022,1,,0.0,,PT,EUR,N,,-161.0,0.0,0.0,0.0,38204342.0,SB,AGENT,A,AM,M172891,EITS
2001641,2467.0,12/10/2021,4411,SB,FC,MILIG21JK,12/10/2021,AZ,6337840125,ESPOSITO,FRANCESCO DR,273.11,0.0,273.11,AL,273.11,193.0,80.11,0.0,Y,TP000000000033777,O4BEBC,D,I,IT,LS,LS,12/16/2021,12/17/2021,1,,1.76,,TE,EUR,N,,7.9,22.0,50.21,0.0,38204342.0,RR,AGENT,A,AM,M205227,EITS
2001642,2439.0,12/07/2021,4411,RR,FC,MILIG21JK,12/07/2021,AZ,6337840120,CENTOFANTI,ALESSIA,195.0,0.0,195.0,AL,195.0,105.0,90.0,0.0,Y,TP000000000033777,TGFNRP,D,I,IT,LS,LS,12/13/2021,12/13/2021,1,,0.96,,TE,EUR,N,,7.9,22.0,60.1,0.0,38204342.0,RR,AGENT,A,AM,M274337,EITS
2001643,,12/10/2021,4406,RB,,MILIG21JK,12/10/2021,YY,70NFQJZJ01,Scarpato,Christian,150.99,0.0,0.0,AW,150.99,150.99,0.0,0.0,Y,TP000000000089535,NFQJZJ,D,I,IT,HC,GM,12/12/2021,12/12/2021,1,,0.0,,PT,EUR,N,,0.0,0.0,0.0,0.0,38204342.0,WS,AGENT,A,AM,M269850,EITS
2001644,2438.0,12/07/2021,4411,RR,FC,MILIG21JK,12/07/2021,AZ,6337840119,QUARATINO,DANIELE,195.0,0.0,195.0,AL,195.0,105.0,90.0,0.0,Y,TP000000000033777,TGEGYT,D,I,IT,LS,LS,12/13/2021,12/13/2021,1,,0.96,,TE,EUR,N,,7.9,22.0,60.1,0.0,38204342.0,RR,AGENT,A,AM,M176282,EITS
2001645,,12/15/2021,4411,WS,,MILIG21JK,11/02/2021,YY,70M97BYN01,ONGARO,MICHAEL DR,50.13,0.0,50.13,AL,50.13,289.0,-238.87,0.0,Y,TP000000000033777,M97BYN,D,I,IT,LS,EZGO,05/25/2022,05/27/2022,1,,0.29,,PT,EUR,N,,-242.87,4.0,0.0,0.0,38204342.0,RR,AGENT,A,AM,M241113,EITS
2001646,,12/17/2021,4411,RR,,MILIG21JK,12/16/2021,31,70SGIXIL21,BONI,DARIO,174.0,0.0,0.0,AW,174.0,174.0,0.0,0.0,Y,TP000000000033777,SGIXIL,D,I,IT,LS,LS,12/20/2021,12/21/2021,1,,0.0,,PT,EUR,N,,0.0,0.0,0.0,0.0,38204342.0,WS,AGENT,R,AM,GUEST,EITS
2001647,2433.0,12/07/2021,4406,RB,FC,MILIG21JK,12/07/2021,AZ,6337840118,BUTTINONI,IRIS,74.29,0.0,74.29,AL,74.29,42.0,32.29,0.0,Y,TP000000000089535,SPZ7V9,D,I,IT,UNK,CM,12/13/2021,12/13/2021,1,,0.38,,TE,EUR,N,,3.95,11.0,17.34,0.0,38204342.0,WS,AGENT,A,AM,,EITS
2001648,2450.0,12/09/2021,4406,RR,FC,MILIG21JK,12/09/2021,AZ,6337840123,Benincasa,Rosella,136.94,0.0,136.94,AL,136.94,99.0,37.94,0.0,Y,TP000000000089535,L8DCWS,D,I,IT,HC,IF,12/18/2021,12/18/2021,1,,0.9,,TE,EUR,N,,3.95,11.0,22.99,0.0,38204342.0,RR,AGENT,A,AM,M274824,EITS
2001649,2443.0,12/09/2021,4406,RR,FC,MILIG21JK,12/09/2021,AZ,6337840121,Comodini,Matteo,112.42,0.0,112.42,AL,112.42,24.0,88.42,0.0,Y,TP000000000089535,L6MP2Q,D,I,IT,NOHR,GM,01/12/2022,01/13/2022,1,,0.22,,TE,EUR,N,,7.9,22.0,58.52,0.0,38204342.0,RR,AGENT,A,AM,X230388,EITS
2001650,2444.0,12/09/2021,4406,RR,FC,MILIG21JK,12/09/2021,AZ,6337840122,Di Francesco,Alessia,112.42,0.0,112.42,AL,112.42,24.0,88.42,0.0,Y,TP000000000089535,L6MS2I,D,I,IT,HC,GM,01/12/2022,01/13/2022,1,,0.22,,TE,EUR,N,,7.9,22.0,58.52,0.0,38204342.0,RR,AGENT,A,AM,M294597,EITS
2001651,,12/09/2021,4406,RR,,MILIG21JK,12/03/2021,YY,70UTU6PN01,Falco,Nunzia,383.2,0.0,338.3,AL,338.3,203.0,135.3,0.0,Y,TP000000000089535,UTU6PN,D,I,IT,HC,GM,12/12/2021,12/14/2021,1,,0.2,,PT,EUR,N,,56.0,19.0,60.3,0.0,38204342.0,RR,AGENT,A,AM,M216202,EITS
2001652,,12/10/2021,4406,RB,,MILIG21JK,12/10/2021,31,70NBGAAQ21,Tommei,Luca,93.0,0.0,93.0,AW,93.0,93.0,0.0,0.0,Y,TP000000000089535,NBGAAQ,D,I,IT,HC,IF,12/20/2021,12/20/2021,1,,0.0,,PT,EUR,N,,0.0,0.0,0.0,0.0,38204342.0,WS,AGENT,R,AM,M219489,EITS
2001653,,12/01/2021,4406,SB,,MILIG21JK,11/30/2021,YY,70LLU6IH01,Di Carluccio,Ferdinando,86.14,0.0,86.14,AW,86.14,86.14,0.0,0.0,Y,TP000000000089535,LLU6IH,D,I,IT,HC,IF,12/20/2021,12/20/2021,1,,0.0,,PT,EUR,N,,0.0,0.0,0.0,0.0,38204342.0,WS,AGENT,A,AM,M143461,EITS
2001654,,12/16/2021,4406,RR,,MILIG21JK,12/16/2021,31,70SDXKEG01,Bonanni,Federico,174.0,0.0,0.0,AW,174.0,174.0,0.0,0.0,Y,TP000000000089535,SDXKEG,D,I,IT,NOHR,GM,12/16/2021,12/16/2021,1,,0.0,,PT,EUR,N,,0.0,0.0,0.0,0.0,38204342.0,RR,AGENT,R,AM,X199409,EITS
2001655,2466.0,12/10/2021,4406,RR,FC,MILIG21JK,12/10/2021,LH,6337840124,DI DATO,EMANUELE,712.5,0.0,630.34,AL,630.34,461.0,169.34,0.0,Y,TP000000000089535,NUIL6R,I,I,IT,UNK,GM,12/12/2021,12/17/2021,1,,0.46,,TE,EUR,N,,84.0,19.0,66.34,0.0,38204342.0,WS,AGENT,A,AM,,EITS
2001656,,12/13/2021,4406,SB,,MILIG21JK,12/13/2021,1R,70J7KUK921,Voltolini,Elisa,1.0,0.0,1.0,,1.0,1.0,0.0,0.0,Y,TP000000000089535,J7KUK9,D,I,IT,HC,IF,12/20/2021,12/20/2021,1,,0.0,,TK,EUR,N,,0.0,0.0,0.0,0.0,38204342.0,SB,AGENT,R,AM,M266226,EITS
2001657,,12/06/2021,4411,RR,,MILIG21JK,11/19/2021,YY,70VC8SRN01,GIUFFRIDA,MANUELA DR,79.96,0.0,79.96,AW,79.96,79.96,0.0,0.0,Y,TP000000000033777,VC8SRN,D,I,IT,LS,LS,12/06/2021,12/06/2021,1,,0.0,,PT,EUR,N,,0.0,0.0,0.0,0.0,38204342.0,RR,AGENT,A,AM,M248474,EITS
2001658,,12/01/2021,4406,SB,,MILIG21JK,12/01/2021,31,70OTLCSN21,Bertoncelli,Daniela,173.0,0.0,0.0,AW,173.0,173.0,0.0,0.0,Y,TP000000000089535,OTLCSN,D,I,IT,HC,DE,12/03/2021,12/03/2021,1,,0.0,,PT,EUR,N,,0.0,0.0,0.0,0.0,38204342.0,WS,AGENT,R,AM,M127627,EITS
2001659,,12/16/2021,4406,RR,,MILIG21JK,12/16/2021,YY,70S2TKTC01,Foscolo,Katia,49.22,0.0,49.22,AL,49.22,17.0,32.22,0.0,Y,TP000000000089535,S2TKTC,D,I,IT,MGF,HR,12/21/2021,12/21/2021,1,,0.0,,PT,EUR,N,,3.95,11.0,17.27,0.0,38204342.0,RR,AGENT,A,AM,M161672,EITS
2001660,2505.0,12/16/2021,4406,RR,FC,MILIG21JK,12/16/2021,AZ,6337840130,Sbraga,Maurizio,126.8,0.0,112.42,AL,112.42,24.0,88.42,0.0,Y,TP000000000089535,S3P64E,D,I,IT,HC,IF,01/12/2022,01/13/2022,1,,0.22,,TE,EUR,N,,7.9,22.0,58.52,0.0,38204342.0,WS,AGENT,A,AM,M150366,EITS
2001661,,12/13/2021,4406,RR,,MILIG21JK,12/13/2021,31,70WWXIDP21,Castagna,Donato,12190.0,0.0,0.0,AW,12190.0,12190.0,0.0,0.0,Y,TP000000000089535,WWXIDP,D,I,IT,HC,IF,12/20/2021,12/20/2021,1,,0.0,,PT,EUR,N,,0.0,0.0,0.0,0.0,38204342.0,WS,AGENT,R,AM,M260022,EITS
2001662,2516.0,12/17/2021,4411,RR,FC,MILIG21JK,12/17/2021,AZ,6337840132,QUARATINO,DANIELE,182.98,0.0,182.98,AL,182.98,141.0,41.98,0.0,Y,TP000000000033777,UDOCXN,D,I,IT,LS,LS,12/21/2021,12/21/2021,1,,1.28,,TE,EUR,N,,3.95,11.0,27.03,0.0,38204342.0,WS,AGENT,A,AM,M176282,EITS
2001663,,12/14/2021,4406,SB,,MILIG21JK,12/13/2021,IT,70J7KUK901,Voltolini,Elisa,59.8,0.0,59.8,AW,59.8,59.8,0.0,0.0,Y,TP000000000089535,J7KUK9,D,I,IT,HC,IF,12/14/2021,12/14/2021,1,,0.0,,PT,EUR,N,,0.0,0.0,0.0,0.0,38204342.0,RB,AGENT,A,AM,M266226,EITS
2001664,2426.0,12/06/2021,4411,RB,FC,MILIG21JK,12/06/2021,U2,2401735548,DI CHIARA,FRANCESCO,64.74,0.0,64.74,AL,64.74,58.24,6.5,37.49,Y,TP000000000033777,QHTRJD,D,I,IT,LS,LS,12/17/2021,12/17/2021,1,,0.0,,TE,EUR,N,,6.5,0.0,0.0,0.0,38204342.0,RB,AGENT,A,AM,M173719,EITS
2001665,,12/06/2021,4411,RB,,MILIG21JK,12/06/2021,YY,70QHTRJD01,DI CHIARA,FRANCESCO,64.74,0.0,64.74,AW,64.74,58.24,6.5,0.0,Y,TP000000000033777,QHTRJD,D,I,IT,LS,LS,12/15/2021,12/17/2021,1,,0.0,,PT,EUR,N,,6.5,0.0,0.0,0.0,38204342.0,RB,AGENT,A,AM,M173719,EITS
2001666,,12/07/2021,4411,WS,,MILIG21JK,11/11/2021,YY,70KTF4C301,SANVITO,ALESSANDRO EUGENIO,0.0,0.0,0.0,AL,0.0,208.0,-208.0,0.0,Y,TP000000000033777,KTF4C3,D,I,IT,LS,LS,01/25/2022,01/27/2022,1,,0.0,,PT,EUR,N,,-208.0,0.0,0.0,0.0,38204342.0,RB,AGENT,A,AM,M172891,EITS
2001667,2517.0,12/17/2021,4411,RR,FC,MILIG21JK,12/17/2021,AZ,6337840133,QUARATINO,DANIELE,93.02,0.0,93.02,AL,93.02,45.0,48.02,0.0,Y,TP000000000033777,UDORU6,D,I,IT,LS,LS,12/21/2021,12/21/2021,1,,0.41,,TE,EUR,N,,3.95,11.0,33.07,0.0,38204342.0,WS,AGENT,A,AM,M176282,EITS
2001668,,12/10/2021,4406,RB,,MILIG21JK,12/10/2021,31,70NCASAR21,Abbruzzese,Gianluca,93.0,0.0,93.0,AW,93.0,93.0,0.0,0.0,Y,TP000000000089535,NCASAR,D,I,IT,HC,IF,12/20/2021,12/20/2021,1,,0.0,,PT,EUR,N,,0.0,0.0,0.0,0.0,38204342.0,WS,AGENT,R,AM,M223379,EITS
2001669,13645.0,12/27/2021,4411,SB,,MILIG21JK,12/09/2021,LH,6337840126127R,TAGLIAPIETRA,GIANLUCA,-4689.03,0.0,-4689.03,AL,-4689.03,-4046.0,-643.03,0.0,Y,TP000000000033777,KIN9AZ,I,C,IT,LS,LS,01/30/2022,02/04/2022,-1,,-404.6,,TE,EUR,N,63378401260.0,-643.03,0.0,0.0,0.0,38204342.0,WS,AGENT,A,AM,M241098,EITR
2001670,2428.0,12/07/2021,4406,RR,,MILIG21JK,11/23/2021,AZ,6337840094R,Di Nocera,Stefania,-50.21,0.0,-50.21,AL,-50.21,0.0,-50.21,0.0,Y,TP000000000089535,SE4CTE,D,C,IT,HC,IF,12/13/2021,12/15/2021,-1,,0.0,,TE,EUR,N,63378400940.0,-50.21,0.0,0.0,0.0,38204342.0,RR,AGENT,A,AM,M265765,EITR
2001671,2542.0,12/22/2021,4406,RR,,MILIG21JK,12/17/2021,AZ,6337840138R,Papappicco,Giuseppe,-50.34,0.0,-50.34,AL,-50.34,0.0,-50.34,0.0,Y,TP000000000089535,UH5EWG,D,C,IT,HC,GM,12/21/2021,12/22/2021,-1,,0.0,,TE,EUR,N,63378401380.0,-50.34,0.0,0.0,0.0,38204342.0,WS,AGENT,A,AM,M143639,EITR
2001672,2388.0,12/03/2021,4406,RR,,MILIG21JK,11/23/2021,AZ,6337840097R,Chiacchierini,Antonella,-50.21,0.0,-50.21,AL,-50.21,0.0,-50.21,0.0,Y,TP000000000089535,SJ7GYP,D,C,IT,HC,IF,12/13/2021,12/15/2021,-1,,0.0,,TE,EUR,N,63378400970.0,-50.21,0.0,0.0,0.0,38204342.0,RR,AGENT,A,AM,M143388,EITR
2001673,2419.0,12/06/2021,4406,RR,FC,MILIG21JK,11/18/2021,LX,6337840117,Fortuna,Serena,3.69,0.0,3.69,AX,3.69,0.0,3.69,0.0,Y,TP000000000089535,RN4GZM,I,I,IT,HC,RE,03/21/2022,03/22/2022,1,,0.0,,TE,EUR,Y,63378400850.0,3.69,0.0,0.0,0.0,38204342.0,RR,AGENT,A,AM,M258365,EITE
2001674,,12/13/2021,4411,SB,,MILIG21JK,12/10/2021,AZ,6337840128,ESPOSITO,FRANCESCO DR,0.0,0.0,0.0,AX,0.0,0.0,0.0,0.0,,,O4BEBC,D,I,IT,LS,LS,12/16/2021,12/17/2021,1,,0.0,,TE,EUR,Y,63378401250.0,0.0,0.0,0.0,0.0,38204342.0,SB,AGENT,A,AM,M205227,EITE
2001675,2418.0,12/06/2021,4406,RR,FC,MILIG21JK,11/18/2021,LX,6337840116,Marfoli Young,Patrizio,3.69,0.0,3.69,AX,3.69,0.0,3.69,0.0,Y,TP000000000089535,RNBHMV,I,I,IT,HC,RE,03/21/2022,03/22/2022,1,,0.0,,TE,EUR,Y,63378400860.0,3.69,0.0,0.0,0.0,38204342.0,RR,AGENT,A,AM,M209308,EITE
2001676,2360.0,12/01/2021,4406,SB,FC,MILIG21JK,11/15/2021,EK,6337840111,Aloe,Alessandra,150.77,0.0,0.0,AX,150.77,150.0,0.77,0.0,Y,TP000000000089535,WS87J2,I,I,IT,HC,DE,05/09/2022,05/13/2022,1,,2.53,,TE,EUR,Y,63378400750.0,0.77,0.0,0.0,0.0,38204342.0,SB,AGENT,A,AM,M214878,EITE
2001677,2462.0,12/10/2021,4406,EZ,FC,TREV,12/10/2021,FS,1548944139,Venturini,Filippo,65.0,,65.0,,65.0,65.0,0.0,,N,,A66QQ5,D,I,IT,HC,DE,12/13/2021,12/09/2021,1,,,,TE,EUR,N,,,,,,,,AGENT,R,,M227031,BITS
2001678,2460.0,12/10/2021,4406,EZ,FC,TREV,12/10/2021,FS,1548891438,Bertoncelli,Daniela,96.0,,96.0,,96.0,96.0,0.0,,N,,A974QN,D,I,IT,HC,DE,12/17/2021,,1,,,,TE,EUR,N,,,,,,,,AGENT,R,,M127627,BITS
2001679,2523.0,12/17/2021,4406,RS,FC,TREV,12/17/2021,FS,2112170001,Scaramuzza,Giuseppe,65.0,,65.0,,65.0,65.0,0.0,,N,,EX2U2N,D,I,IT,HC,IF,12/23/2021,12/23/2021,1,,,,TE,EUR,N,,,,,,,,AGENT,R,,M253064,BITS
2001680,2362.0,12/01/2021,4406,SEL,FC,TREV,12/01/2021,FS,2112010002,Centonze,Chiara,132.0,,0.0,,132.0,132.0,0.0,,N,,VBVRP5,D,I,IT,HC,DE,12/03/2021,12/03/2021,1,,,,TE,EUR,N,,,,,,,,AGENT,R,,M248782,BITS
2001681,2413.0,12/03/2021,4406,RS,FC,TREV,12/03/2021,FS,2112030014,Rizzi,Caterina,95.0,,95.0,,95.0,95.0,0.0,,N,,WH8CR5,D,I,IT,HC,DE,12/09/2021,12/09/2021,1,,,,TE,EUR,N,,,,,,,,AGENT,R,,M282268,BITS
2001682,2463.0,12/10/2021,4406,EZ,FC,TREV,12/10/2021,FS,1548944140,Venturini,Filippo,65.0,,65.0,,65.0,65.0,0.0,,N,,A66QQ5,D,I,IT,HC,DE,12/14/2021,,1,,,,TE,EUR,N,,,,,,,,AGENT,R,,M227031,BITS
2001683,2535.0,12/17/2021,4406,RB,FC,TREV,12/17/2021,FS,2112170004,Venturini,Filippo,65.0,,65.0,,65.0,65.0,0.0,,N,,E8R3QN,D,I,IT,HC,DE,12/20/2021,12/20/2021,1,,,,TE,EUR,N,,,,,,,,AGENT,R,,M227031,BITS
2001684,2524.0,12/17/2021,4406,RS,FC,TREV,12/17/2021,FS,2112170002,Scaramuzza,Giuseppe,65.0,,65.0,,65.0,65.0,0.0,,N,,EX2U2N,D,I,IT,HC,IF,12/22/2021,12/22/2021,1,,,,TE,EUR,N,,,,,,,,AGENT,R,,M253064,BITS
2001685,2530.0,12/17/2021,4406,RS,FC,TREV,12/17/2021,FR,2112170001,Foscolo,Katia,124.8,,124.8,AW,124.8,124.8,0.0,,Y,,UOUXVJ,D,I,IT,MGF,HR,12/22/2021,12/22/2021,1,,,,TE,EUR,N,,,,,,,,AGENT,A,1A,M161672,BITS
2001686,2534.0,12/17/2021,4406,RB,FC,TREV,12/17/2021,FS,2112170003,Venturini,Filippo,65.0,,65.0,,65.0,65.0,0.0,,N,,E8R3QN,D,I,IT,HC,DE,12/20/2021,12/20/2021,1,,,,TE,EUR,N,,,,,,,,AGENT,R,,M227031,BITS
2001687,2555.0,12/23/2021,4406,EZ,FC,TREV,12/23/2021,V7,2112230001,Albanese,Angela,185.2,,185.2,AL,185.2,185.2,0.0,,N,,KFQOIU,D,I,IT,HC,DE,01/26/2022,01/27/2022,1,,,,TE,EUR,N,,,,,,,,AGENT,A,1A,M274819,BITS
2001688,2427.0,12/06/2021,4411,RB,FC,TREV,12/06/2021,FR,6401455517,DI CHIARA,FRANCESCO MR,299.54,,299.54,AL,299.54,299.54,0.0,,Y,,QHTRJD,D,I,IT,LS,LS,12/15/2021,12/15/2021,1,,,,TE,EUR,N,,,,,,,,AGENT,A,1A,M173719,BITS
2001689,2556.0,12/23/2021,4406,SEL,FC,TREV,12/23/2021,V7,2112230007,Di Carluccio,Ferdinando,187.68,,187.68,AW,187.68,187.68,0.0,,N,,KVXB9W,D,I,IT,HC,IF,01/26/2022,01/27/2022,1,,,,TE,EUR,N,,,,,,,,AGENT,A,1A,M143461,BITS
2001690,2564.0,12/30/2021,4406,EZ,FC,TREV,12/30/2021,FS,1557767585,BUTTINONI,IRIS,106.0,,0.0,,106.0,106.0,0.0,,N,,RLTMPN,D,I,IT,HC,IF,01/13/2022,12/16/2021,1,,,,TE,EUR,N,,,,,,,,AGENT,R,,,BITS
2001691,2412.0,12/03/2021,4406,RS,FC,TREV,12/03/2021,FS,2112030013,Rizzi,Caterina,95.0,,95.0,,95.0,95.0,0.0,,N,,WH8CR5,D,I,IT,HC,DE,12/09/2021,12/09/2021,1,,,,TE,EUR,N,,,,,,,,AGENT,R,,M282268,BITS
2001692,2451.0,12/10/2021,4406,EZ,FC,TREV,12/10/2021,FS,1548808249,Tommei,Luca,46.5,,46.5,,46.5,46.5,0.0,,N,,A83JXN,D,I,IT,HC,IF,12/20/2021,,1,,,,TE,EUR,N,,,,,,,,AGENT,R,,M219489,BITS
2001693,2421.0,12/06/2021,4406,RS,FC,TREV,12/06/2021,FS,2112060002,Borghesan,Stefano,122.0,,0.0,,122.0,122.0,0.0,,N,,ZNRGC5,D,I,IT,HC,IF,12/07/2021,12/07/2021,1,,,,TE,EUR,N,,,,,,,,AGENT,R,,M143332,BITS
2001694,2398.0,12/03/2021,4406,RS,FC,TREV,12/03/2021,FS,2112030012,Zenga,Roberto,113.1,,0.0,,113.1,113.1,0.0,,N,,WGV2NN,D,I,IT,HC,IF,12/17/2021,12/17/2021,1,,,,TE,EUR,N,,,,,,,,AGENT,R,,M276272,BITS
2001695,2480.0,12/13/2021,4406,EZ,FC,TREV,12/13/2021,FS,1550429490,Colombo,Paolo,51.9,,51.9,,51.9,51.9,0.0,,N,,CLQ4Z5,D,I,IT,HC,IF,12/20/2021,09/19/2018,1,,,,TE,EUR,N,,,,,,,,AGENT,R,,M219491,BITS
2001696,2393.0,12/03/2021,4411,RS,FC,TREV,12/03/2021,FS,2112030007,VACATELLO,MANUELA DR MRS,100.9,,0.0,,100.9,100.9,0.0,,N,,WFZAFN,D,I,IT,LS,LS,12/16/2021,12/16/2021,1,,,,TE,EUR,N,,,,,,,,AGENT,R,,M251473,BITS
2001697,2511.0,12/16/2021,4411,RS,FC,TREV,12/16/2021,FS,2112160001,BONANNI,DARIO,87.0,,87.0,,87.0,87.0,0.0,,N,,ELNFY5,D,I,IT,LS,LS,12/21/2021,12/21/2021,1,,,,TE,EUR,N,,,,,,,,AGENT,R,,GUEST,BITS
2001698,2434.0,12/07/2021,4406,RB,FC,TREV,12/07/2021,FS,2112070001,BUTTINONI,IRIS,106.0,,0.0,,106.0,106.0,0.0,,N,,2DURLN,D,I,IT,HC,IF,12/15/2021,12/16/2021,1,,,,TE,EUR,N,,,,,,,,AGENT,R,,,BITS
2001699,2365.0,12/01/2021,4406,SEL,FC,TREV,12/01/2021,V7,2112010001,Albanese,Angela,100.47,,100.47,AW,100.47,100.47,0.0,,N,,ORUN2H,D,I,IT,HC,DE,12/20/2021,12/20/2021,1,,,,TE,EUR,N,,,,,,,,AGENT,A,1A,M274819,BITS
2001700,2423.0,12/06/2021,4406,RS,FC,TREV,12/06/2021,FS,2112060004,Mascia,Matteo,129.0,,0.0,,129.0,129.0,0.0,,N,,ZS3EXN,D,I,IT,HC,IF,12/07/2021,12/07/2021,1,,,,TE,EUR,N,,,,,,,,AGENT,R,,M249867,BITS
2001701,2453.0,12/10/2021,4406,EZ,FC,TREV,12/10/2021,FS,1548823422,Abbruzzese,Gianluca,46.5,,46.5,,46.5,46.5,0.0,,N,,A85ZX5,D,I,IT,HC,IF,12/20/2021,,1,,,,TE,EUR,N,,,,,,,,AGENT,R,,M223379,BITS
2001702,2454.0,12/10/2021,4406,EZ,FC,TREV,12/10/2021,FS,1548823425,Abbruzzese,Gianluca,46.5,,46.5,,46.5,46.5,0.0,,N,,A85ZX5,D,I,IT,HC,IF,12/20/2021,,1,,,,TE,EUR,N,,,,,,,,AGENT,R,,M223379,BITS
2001703,2455.0,12/10/2021,4406,EZ,FC,TREV,12/10/2021,EW,2112100001,Scarpato,Christian,150.99,,150.99,AL,150.99,150.99,0.0,,Y,,NFQJZJ,I,I,IT,HC,GM,12/12/2021,12/12/2021,1,,,,TE,EUR,N,,,,,,,,AGENT,A,1A,M269850,BITS
2001704,2456.0,12/10/2021,4406,EZ,FC,TREV,12/10/2021,U2,2112100003,Scarpato,Christian,221.34,,221.34,AL,221.34,221.34,0.0,,Y,,NGLA5P,I,I,IT,HC,GM,12/23/2021,12/23/2021,1,,,,TE,EUR,N,,,,,,,,AGENT,A,1A,M269850,BITS
2001705,2457.0,12/10/2021,4406,EZ,FC,TREV,12/10/2021,FS,1548889650,Bertoncelli,Daniela,119.0,,0.0,,119.0,119.0,0.0,,N,,A9672N,D,I,IT,HC,DE,12/13/2021,12/03/2021,1,,,,TE,EUR,N,,,,,,,,AGENT,R,,M127627,BITS
2001706,2366.0,12/01/2021,4406,SEL,FC,TREV,12/01/2021,V7,2112010003,Albanese,Angela,76.33,,76.33,AW,76.33,76.33,0.0,,N,,OSNDMX,D,I,IT,HC,DE,12/21/2021,12/21/2021,1,,,,TE,EUR,N,,,,,,,,AGENT,A,1A,M274819,BITS
2001707,2458.0,12/10/2021,4406,EZ,FC,TREV,12/10/2021,FS,1548889651,Bertoncelli,Daniela,87.0,,87.0,,87.0,87.0,0.0,,N,,A9672N,D,I,IT,HC,DE,12/15/2021,,1,,,,TE,EUR,N,,,,,,,,AGENT,R,,M127627,BITS
2001708,2452.0,12/10/2021,4406,EZ,FC,TREV,12/10/2021,FS,1548808250,Tommei,Luca,46.5,,46.5,,46.5,46.5,0.0,,N,,A83JXN,D,I,IT,HC,IF,12/20/2021,,1,,,,TE,EUR,N,,,,,,,,AGENT,R,,M219489,BITS
2001709,2459.0,12/10/2021,4406,EZ,FC,TREV,12/10/2021,FS,1548891437,Bertoncelli,Daniela,82.0,,82.0,,82.0,82.0,0.0,,N,,A974QN,D,I,IT,HC,DE,12/17/2021,,1,,,,TE,EUR,N,,,,,,,,AGENT,R,,M127627,BITS
2001710,2422.0,12/06/2021,4406,RS,FC,TREV,12/06/2021,FS,2112060003,Mascia,Matteo,129.0,,0.0,,129.0,129.0,0.0,,N,,ZS3EXN,D,I,IT,HC,IF,12/07/2021,12/07/2021,1,,,,TE,EUR,N,,,,,,,,AGENT,R,,M249867,BITS
2001711,2420.0,12/06/2021,4406,RS,FC,TREV,12/06/2021,FS,2112060001,Borghesan,Stefano,122.0,,0.0,,122.0,122.0,0.0,,N,,ZNRGC5,D,I,IT,HC,IF,12/07/2021,12/07/2021,1,,,,TE,EUR,N,,,,,,,,AGENT,R,,M143332,BITS
2001712,2395.0,12/03/2021,4406,RS,FC,TREV,12/03/2021,FS,2112030009,Zenga,Roberto,113.1,,0.0,,113.1,113.1,0.0,,N,,WGV2NN,D,I,IT,HC,IF,12/16/2021,12/16/2021,1,,,,TE,EUR,N,,,,,,,,AGENT,R,,M276272,BITS
2001713,2512.0,12/16/2021,4411,RS,FC,TREV,12/16/2021,FS,2112160002,BONANNI,DARIO,87.0,,87.0,,87.0,87.0,0.0,,N,,ELNFY5,D,I,IT,LS,LS,12/20/2021,12/20/2021,1,,,,TE,EUR,N,,,,,,,,AGENT,R,,GUEST,BITS
2001714,2396.0,12/03/2021,4406,RS,FC,TREV,12/03/2021,FS,2112030010,Zenga,Roberto,15.2,,15.2,,15.2,15.2,0.0,,N,,WGV2NN,D,I,IT,HC,IF,12/16/2021,12/16/2021,1,,,,TE,EUR,N,,,,,,,,AGENT,R,,M276272,BITS
2001715,2397.0,12/03/2021,4406,RS,FC,TREV,12/03/2021,FS,2112030011,Zenga,Roberto,7.35,,7.35,,7.35,7.35,0.0,,N,,WGV2NN,D,I,IT,HC,IF,12/17/2021,12/17/2021,1,,,,TE,EUR,N,,,,,,,,AGENT,R,,M276272,BITS
2001716,2449.0,12/09/2021,5005,RS,FC,TREV,12/09/2021,ZZ,,BERNARDINI,LUCA,,,,,,,,,,,LC6JKB,D,,IT,EL,EL,12/13/2021,12/14/2021,1,,,,TE,EUR,N,,,,,,,,ONLINE,,1A,M284948,BITS
2001717,2481.0,12/13/2021,4406,EZ,FC,TREV,12/13/2021,FS,1550429491,Colombo,Paolo,70.0,,70.0,,70.0,70.0,0.0,,N,,CLQ4Z5,D,I,IT,HC,IF,12/20/2021,,1,,,,TE,EUR,N,,,,,,,,AGENT,R,,M219491,BITS
2001718,2559.0,12/27/2021,4411,EZ,FC,TREV,12/27/2021,ZZ,,LOMBARDI,ALBERTO MR,,,,,,,,,,,W8QOJN,D,,IT,LS,LS,01/11/2022,01/12/2022,1,,,,TE,EUR,N,,,,,,,,AGENT,,1A,M172880,BITS
2001719,2386.0,12/03/2021,4406,RS,FC,TREV,12/03/2021,FS,2112030003,Venturini,Filippo,65.0,,65.0,,65.0,65.0,0.0,,N,,WEY9MN,D,I,IT,HC,DE,12/09/2021,12/09/2021,1,,,,TE,EUR,N,,,,,,,,AGENT,R,,M227031,BITS
2001720,2529.0,12/17/2021,4406,RS,FC,TREV,12/17/2021,ZZ,,Papappicco,Giuseppe,,,,,,,,,,,UH5EWG,D,,IT,HC,GM,12/21/2021,12/22/2021,1,,,,TE,EUR,N,,,,,,,,AGENT,,1A,M143639,BITS
2001721,2528.0,12/17/2021,4406,RS,FC,TREV,12/17/2021,ZZ,,Anaclerio,Giuseppe,,,,,,,,,,,UHYXQR,D,,IT,HC,GM,12/21/2021,12/22/2021,1,,,,TE,EUR,N,,,,,,,,AGENT,,1A,M143286,BITS
2001722,2482.0,12/13/2021,4406,EZ,FC,TREV,12/13/2021,FS,1550427477,Castagna,Donato,51.9,,51.9,,51.9,51.9,0.0,,N,,CLQCJ5,D,I,IT,HC,IF,12/20/2021,10/19/2021,1,,,,TE,EUR,N,,,,,,,,AGENT,R,,M260022,BITS
2001723,2381.0,12/02/2021,4406,SEL,FC,TREV,12/02/2021,FS,2112020002,BUTTINONI,IRIS,88.5,,88.5,,88.5,88.5,0.0,,N,,S29T7N,D,I,IT,HC,IF,12/03/2021,12/03/2021,1,,,,TE,EUR,Y,2111260002.0,,,,,,,AGENT,R,,,BITS
2001724,2373.0,12/01/2021,4406,EZ,FC,TREV,12/01/2021,FS,1544553794,Balestrino,Adriana,92.0,,92.0,,92.0,92.0,0.0,,N,,VEYP25,D,I,IT,HC,IF,12/07/2021,,1,,,,TE,EUR,N,,,,,,,,AGENT,R,,M233269,BITS
2001725,2364.0,12/01/2021,4406,SEL,FC,TREV,12/01/2021,ZZ,,Albanese,Angela,,,,,,,,,,,OIBDOS,D,,IT,HC,DE,12/20/2021,12/21/2021,1,,,,TE,EUR,N,,,,,,,,AGENT,,1A,M274819,BITS
2001726,2369.0,12/01/2021,4406,SEL,FC,TREV,12/01/2021,ZZ,,Di Carluccio,Ferdinando,,,,,,,,,,,LLU6IH,D,,IT,HC,IF,12/20/2021,12/21/2021,1,,,,TE,EUR,N,,,,,,,,AGENT,,1A,M143461,BITS
2001727,2399.0,12/03/2021,4406,RS,FC,TREV,12/03/2021,ZZ,,Zenga,Roberto,,,,,,,,,,,USYXRT,D,,IT,HC,IF,12/16/2021,12/17/2021,1,,,,TE,EUR,N,,,,,,,,AGENT,,1A,M276272,BITS
2001728,2402.0,12/03/2021,4406,RS,FC,TREV,12/03/2021,ZZ,,Fontana,Massimiliano,,,,,,,,,,,UUEFOD,I,,IT,HC,GM,12/13/2021,12/14/2021,1,,,,TE,EUR,N,,,,,,,,AGENT,,1A,M271820,BITS
2001729,2403.0,12/03/2021,4406,RS,FC,TREV,12/03/2021,ZZ,,Falco,Nunzia,,,,,,,,,,,UTU6PN,I,,IT,HC,GM,12/13/2021,12/14/2021,1,,,,TE,EUR,N,,,,,,,,AGENT,,1A,M216202,BITS
2001730,2405.0,12/03/2021,4406,RS,FC,TREV,12/03/2021,ZZ,,Falco,Nunzia,,,,,,,,,,,UWYNX8,I,,IT,HC,GM,12/12/2021,12/13/2021,1,,,,TE,EUR,N,,,,,,,,AGENT,,1A,M216202,BITS
2001731,2406.0,12/03/2021,4406,RS,FC,TREV,12/03/2021,ZZ,,Fontana,Massimiliano,,,,,,,,,,,UWGCSF,I,,IT,HC,GM,12/12/2021,12/13/2021,1,,,,TE,EUR,N,,,,,,,,AGENT,,1A,M271820,BITS
2001732,2415.0,12/03/2021,4406,SEL,FC,TREV,12/03/2021,ZZ,,Lisco,Claudio,,,,,,,,,,,UW9LSW,D,,IT,NOHR,GM,12/05/2021,12/08/2021,1,,,,TE,EUR,N,,,,,,,,AGENT,,1A,X227104,BITS
2001733,2527.0,12/17/2021,4406,RS,FC,TREV,12/17/2021,ZZ,,Muserra,Giovanni,,,,,,,,,,,UHYP65,D,,IT,HC,GM,12/21/2021,12/22/2021,1,,,,TE,EUR,N,,,,,,,,AGENT,,1A,M143608,BITS
2001734,2385.0,12/03/2021,4406,RS,FC,TREV,12/03/2021,FS,2112030002,Venturini,Filippo,65.0,,65.0,,65.0,65.0,0.0,,N,,WEYNT5,D,I,IT,HC,DE,12/06/2021,12/06/2021,1,,,,TE,EUR,N,,,,,,,,AGENT,R,,M227031,BITS
2001735,2374.0,12/01/2021,4406,EZ,FC,TREV,12/01/2021,FS,1544553795,Balestrino,Adriana,92.0,,92.0,,92.0,92.0,0.0,,N,,VEYP25,D,I,IT,HC,IF,12/07/2021,,1,,,,TE,EUR,N,,,,,,,,AGENT,R,,M233269,BITS
2001736,2441.0,12/09/2021,4406,SEL,FC,TREV,12/09/2021,ZZ,,Scarpato,Christian,,,,,,,,,,,KM4DTQ,I,,IT,HC,GM,12/12/2021,12/18/2021,1,,,,TE,EUR,N,,,,,,,,AGENT,,1A,M269850,BITS
2001737,2464.0,12/10/2021,4406,RS,FC,TREV,12/10/2021,ZZ,,DI DATO,EMANUELE MR,,,,,,,,,,,NUIL6R,D,,IT,HC,GM,12/12/2021,12/17/2021,1,,,,TE,EUR,N,,,,,,,,AGENT,,1A,,BITS
2001738,2465.0,12/10/2021,4406,RS,FC,TREV,12/10/2021,ZZ,,DI DATO,EMANUELE MR,,,,,,,,,,,NYT8A5,I,,IT,HC,GM,12/12/2021,12/17/2021,1,,,,TE,EUR,N,,,,,,,,AGENT,,1A,,BITS
2001739,2492.0,12/14/2021,4406,RB,FC,TREV,12/14/2021,ZZ,,Fazzi,Gennaro,,,,,,,,,,,LG4S9U,D,,IT,HC,DE,12/15/2021,12/16/2021,1,,,,TE,EUR,N,,,,,,,,AGENT,,1A,M267776,BITS
2001740,2513.0,12/17/2021,4406,RS,FC,TREV,12/17/2021,ZZ,,Foscolo,Katia,,,,,,,,,,,S2TP9I,D,,IT,MGF,HR,12/21/2021,12/22/2021,1,,,,TE,EUR,N,,,,,,,,AGENT,,1A,M161672,BITS
2001741,2525.0,12/17/2021,4406,RS,FC,TREV,12/17/2021,ZZ,,Chirico,Nicola,,,,,,,,,,,UHYV7R,D,,IT,HC,GM,12/21/2021,12/22/2021,1,,,,TE,EUR,N,,,,,,,,AGENT,,1A,M143390,BITS
2001742,2526.0,12/17/2021,4406,RS,FC,TREV,12/17/2021,ZZ,,Ultimo,Nicola,,,,,,,,,,,UHZHFC,D,,IT,HC,GM,12/21/2021,12/22/2021,1,,,,TE,EUR,N,,,,,,,,AGENT,,1A,M143782,BITS
2001743,2435.0,12/07/2021,4406,EZ,FC,TREV,12/07/2021,ZZ,,D'Amico,Alessandra,,,,,,,,,,,STNEXQ,D,,IT,HC,DE,12/17/2021,12/18/2021,1,,,,TE,EUR,N,,,,,,,,AGENT,,1A,M225498,BITS
2001744,2563.0,12/30/2021,4411,EZ,FC,TREV,12/30/2021,ZZ,,ESPOSITO,FRANCESCO DR MR,,,,,,,,,,,PCLIVD,D,,IT,LS,LS,01/12/2022,01/14/2022,1,,,,TE,EUR,N,,,,,,,,ONLINE,,1A,M205227,BITS
2001745,2537.0,12/20/2021,4406,RS,FC,TREV,12/20/2021,ZZ,,Trentin,Andrea,,,,,,,,,,,PRFIDA,D,,IT,HC,IF,12/21/2021,12/22/2021,1,,,,TE,EUR,N,,,,,,,,AGENT,,1A,M127708,BITS
2001746,2384.0,12/03/2021,4406,RS,FC,TREV,12/03/2021,FS,2112030001,Venturini,Filippo,65.0,,65.0,,65.0,65.0,0.0,,N,,WEYNT5,D,I,IT,HC,DE,12/06/2021,12/06/2021,1,,,,TE,EUR,N,,,,,,,,AGENT,R,,M227031,BITS
2001747,2361.0,12/01/2021,4406,SEL,FC,TREV,12/01/2021,FS,2112010001,Centonze,Chiara,132.0,,0.0,,132.0,132.0,0.0,,N,,VBVRP5,D,I,IT,HC,DE,12/04/2021,12/04/2021,1,,,,TE,EUR,N,,,,,,,,AGENT,R,,M248782,BITS
2001748,2483.0,12/13/2021,4406,EZ,FC,TREV,12/13/2021,FS,1550427478,Castagna,Donato,70.0,,70.0,,70.0,70.0,0.0,,N,,CLQCJ5,D,I,IT,HC,IF,12/20/2021,,1,,,,TE,EUR,N,,,,,,,,AGENT,R,,M260022,BITS
2001749,2485.0,12/13/2021,4411,SEL,FC,TREV,12/13/2021,LH,6337840127,TAGLIAPIETRA,GIANLUCA MR,0.0,,0.0,AB,0.0,0.0,0.0,,N,,KIN9AZ,I,I,IT,LS,LS,01/30/2022,02/02/2022,1,,,,TE,EUR,N,,,,,,,,AGENT,A,1A,M241098,BITS
2001750,2484.0,12/13/2021,4411,SEL,FC,TREV,12/13/2021,LH,6337840126,TAGLIAPIETRA,GIANLUCA MR,4958.3,,4778.03,AB,4958.03,4296.0,662.03,,Y,,KIN9AZ,I,I,IT,LS,LS,01/30/2022,02/02/2022,1,,,,TE,EUR,N,,,,,,,,AGENT,A,1A,M241098,BITS
2001751,2533.0,12/17/2021,4411,RS,FC,TREV,12/17/2021,ZZ,,BONANNI,DARIO,,,,,,,,,,,SGMMUS,D,,IT,LS,LS,12/20/2021,12/21/2021,1,,,,TE,EUR,N,,,,,,,,AGENT,,1A,GUEST,BITS
2001752,2368.0,12/01/2021,4406,SEL,FC,TREV,12/01/2021,FS,2112010004,Bertoncelli,Daniela,82.0,,82.0,,82.0,82.0,0.0,,N,,VDRT9N,D,I,IT,HC,DE,12/03/2021,12/03/2021,1,,,,TE,EUR,N,,,,,,,,AGENT,R,,M127627,BITS
2001753,2394.0,12/03/2021,4411,RS,FC,TREV,12/03/2021,FS,2112030008,VACATELLO,MANUELA DR MRS,7.9,,7.9,,7.9,7.9,0.0,,N,,WFZAFN,D,I,IT,LS,LS,12/16/2021,12/16/2021,1,,,,TE,EUR,N,,,,,,,,AGENT,R,,M251473,BITS
2001754,2367.0,12/01/2021,4406,SEL,FC,TREV,12/01/2021,FS,2112010003,Bertoncelli,Daniela,91.0,,91.0,,91.0,91.0,0.0,,N,,VDRT9N,D,I,IT,HC,DE,12/03/2021,12/03/2021,1,,,,TE,EUR,N,,,,,,,,AGENT,R,,M127627,BITS
2001755,2477.0,12/13/2021,4411,SEL,FC,TREV,12/13/2021,ZZ,,MARCELLO,SIMONA MRS,,,,,,,,,,,WPODNB,D,,IT,LS,LS,12/14/2021,12/15/2021,1,,,,TE,EUR,N,,,,,,,,ONLINE,,1A,M174268,BITS
2001756,2445.0,12/09/2021,4411,RS,FC,TREV,12/09/2021,ZZ,,MORGIA,SIMONE MR,,,,,,,,,,,L94VSH,D,,IT,LS,LS,12/13/2021,12/18/2021,1,,,,TE,EUR,N,,,,,,,,ONLINE,,1A,M255299,BITS
2001757,2504.0,12/16/2021,4411,SEL,FC,TREV,12/16/2021,ZZ,,ESPOSITO,FRANCESCO DR MR,,,,,,,,,,,R5UW9A,D,,IT,LS,LS,12/16/2021,12/17/2021,1,,,,TE,EUR,N,,,,,,,,ONLINE,,1A,M205227,BITS
2001758,2502.0,12/15/2021,4411,EZ,FC,TREV,12/15/2021,ZZ,,ESPOSITO,FRANCESCO DR MR,,,,,,,,,,,OFQS7D,D,,IT,LS,LS,12/17/2021,12/17/2021,1,,,,TE,EUR,N,,,,,,,,ONLINE,,1A,M205227,BITS
2001759,2471.0,12/13/2021,4411,RB,FC,TREV,12/13/2021,ZZ,,BENEDUCI,BARBARA MRS,,,,,,,,,,,WADXPS,D,,IT,LS,LS,12/16/2021,12/17/2021,1,,,,TE,EUR,N,,,,,,,,ONLINE,,1A,M212413,BITS
2001760,2470.0,12/13/2021,4411,RB,FC,TREV,12/13/2021,ZZ,,ESPOSITO,FRANCESCO DR MR,,,,,,,,,,,QVXVDY,D,,IT,LS,LS,12/16/2021,12/17/2021,1,,,,TE,EUR,N,,,,,,,,ONLINE,,1A,M205227,BITS
2001761,2532.0,12/17/2021,4411,RS,FC,TREV,12/17/2021,ZZ,,BONANNI,DARIO,,,,,,,,,,,SGJ2MC,D,,IT,LS,LS,12/21/2021,12/21/2021,1,,,,TE,EUR,N,,,,,,,,AGENT,,1A,GUEST,BITS
2001762,2442.0,12/09/2021,4411,RS,FC,TREV,12/09/2021,ZZ,,MARCELLO,SIMONA MRS,,,,,,,,,,,KY8R7M,D,,IT,LS,LS,12/15/2021,12/16/2021,1,,,,TE,EUR,N,,,,,,,,ONLINE,,1A,M174268,BITS
2001763,2387.0,12/03/2021,4406,RS,FC,TREV,12/03/2021,FS,2112030004,Venturini,Filippo,65.0,,65.0,,65.0,65.0,0.0,,N,,WEY9MN,D,I,IT,HC,DE,12/09/2021,12/09/2021,1,,,,TE,EUR,N,,,,,,,,AGENT,R,,M227031,BITS
2001764,2377.0,12/02/2021,4411,EZ,FC,TREV,12/02/2021,ZZ,,MINOTTO,GIORGIA ENRICA,,,,,,,,,,,R9BNDH,D,,IT,LS,LS,12/13/2021,12/14/2021,1,,,,TE,EUR,N,,,,,,,,AGENT,,1A,M289221,BITS
2001765,2503.0,12/15/2021,4408,EZ,FC,TREV,12/15/2021,ZZ,,Piras,Emanuele,,,,,,,,,,,OKJMTN,D,,IT,PM,PM,12/15/2021,12/16/2021,1,,,,TE,EUR,N,,,,,,,,ONLINE,,1A,M161542,BITS
2001766,2379.0,12/02/2021,4411,EZ,FC,TREV,12/02/2021,ZZ,,MANGIA,PATRIZIA MRS,,,,,,,,,,,R9M4P3,D,,IT,LS,LS,12/13/2021,12/14/2021,1,,,,TE,EUR,N,,,,,,,,AGENT,,1A,M173747,BITS
2001767,2498.0,12/14/2021,4406,EZ,FC,TREV,12/14/2021,FS,1550429491,Colombo,Paolo,0.0,,-56.0,,-56.0,-56.0,0.0,,N,,CLQ4Z5,D,C,IT,HC,IF,12/20/2021,,-1,,,,TE,EUR,N,,,,,,,,AGENT,R,,M219491,BITR
2001768,2390.0,12/03/2021,4406,RS,FC,TREV,12/03/2021,FS,2111250002,Scognamiglio,Mauro,0.0,,-52.0,,-52.0,-52.0,0.0,,N,,SFKFHN,D,C,IT,HC,IF,12/13/2021,12/13/2021,-1,,,,TE,EUR,N,,,,,,,,AGENT,R,,M127703,BITR
2001769,2388.0,12/03/2021,4406,RS,FC,TREV,12/03/2021,AZ,6337840097,Chiacchierini,Antonella,-50.21,,-50.21,AL,-50.21,0.0,-50.21,,Y,,SJ7GYP,D,C,IT,HC,IF,12/13/2021,12/15/2021,-1,,,,TE,EUR,N,,,,,,,,AGENT,A,1A,M143388,BITR
2001770,2428.0,12/07/2021,4406,RB,FC,TREV,12/07/2021,AZ,6337840094,Di Nocera,Stefania,-50.21,,-50.21,AL,-50.21,0.0,-50.21,,Y,,SE4CTE,D,C,IT,HC,IF,12/13/2021,12/15/2021,-1,,,,TE,EUR,N,,,,,,,,AGENT,A,1A,M265765,BITR
2001771,2497.0,12/14/2021,4406,EZ,FC,TREV,12/14/2021,FS,1550427478,Castagna,Donato,0.0,,-56.0,,-56.0,-56.0,0.0,,N,,CLQCJ5,D,C,IT,HC,IF,12/20/2021,,-1,,,,TE,EUR,N,,,,,,,,AGENT,R,,M260022,BITR
2001772,2542.0,12/22/2021,4406,RB,FC,TREV,12/21/2021,AZ,6337840138,Papappicco,Giuseppe,-50.34,,-50.34,AL,-50.34,0.0,-50.34,,Y,,UH5EWG,D,C,IT,HC,GM,12/21/2021,12/22/2021,-1,,,,TE,EUR,N,,,,,,,,AGENT,A,1A,M143639,BITR
2001773,2382.0,12/02/2021,4406,SEL,FC,TREV,12/02/2021,FS,2111260002,BUTTINONI,IRIS,0.0,,-102.5,,-102.5,-102.5,0.0,,N,,S29T7N,D,C,IT,HC,IF,12/03/2021,12/03/2021,-1,,,,TE,EUR,N,,,,,,,,AGENT,R,,,BITR
2001774,2389.0,12/03/2021,4406,RS,FC,TREV,12/03/2021,FS,2111250001,Scognamiglio,Mauro,0.0,,-52.0,,-52.0,-52.0,0.0,,N,,SFKFHN,D,C,IT,HC,IF,12/15/2021,12/15/2021,-1,,,,TE,EUR,N,,,,,,,,AGENT,R,,M127703,BITR
2001775,2560.0,12/27/2021,4411,EZ,FC,TREV,12/27/2021,LH,6337840126,TAGLIAPIETRA,GIANLUCA MR,-4689.03,,-4689.03,AB,-4689.03,-4046.0,-643.03,,Y,,KIN9AZ,I,C,IT,LS,LS,01/30/2022,02/02/2022,-1,,,,TE,EUR,N,,,,,,,,AGENT,A,1A,M241098,BITR
2001776,,12/13/2021,4411,WS,,MILIG21JK,12/13/2021,ZZ,HTLCARONLY,BENEDUCI,BARBARA,,,,,,,,,,,WADXPS,I,I,IT,LS,EZGO,12/16/2021,12/16/2021,1,,0.0,,PT,EUR,N,,,,,,38204342.0,RB,AGENT,,AM,M212413,EITS
2001777,,12/15/2021,4411,WS,,MILIG21JK,12/15/2021,ZZ,HTLCARONLY,ESPOSITO,FRANCESCO DR,,,,,,,,,,,OFQS7D,I,I,IT,LS,EZGO,12/17/2021,12/17/2021,1,,0.0,,PT,EUR,N,,,,,,38204342.0,RB,AGENT,,AM,M205227,EITS
2001778,,12/13/2021,4411,WS,,MILIG21JK,12/13/2021,ZZ,HTLCARONLY,MARCELLO,SIMONA,,,,,,,,,,,WPODNB,I,I,IT,LS,LS,12/14/2021,12/14/2021,1,,0.0,,PT,EUR,N,,,,,,38204342.0,SB,AGENT,,AM,M174268,EITS
2001779,,12/13/2021,4411,WS,,MILIG21JK,12/13/2021,ZZ,HTLCARONLY,ESPOSITO,FRANCESCO DR,,,,,,,,,,,QVXVDY,I,I,IT,LS,EZGO,12/16/2021,12/16/2021,1,,0.0,,PT,EUR,N,,,,,,38204342.0,WS,AGENT,,AM,M205227,EITS
2001780,,12/16/2021,4411,WS,,MILIG21JK,12/16/2021,ZZ,HTLCARONLY,ESPOSITO,FRANCESCO DR,,,,,,,,,,,R5UW9A,I,I,IT,LS,EZGO,12/16/2021,12/16/2021,1,,0.0,,PT,EUR,N,,,,,,38204342.0,SB,AGENT,,AM,M205227,EITS
2001781,,12/09/2021,4411,WS,,MILIG21JK,12/09/2021,ZZ,HTLCARONLY,MORGIA,SIMONE,,,,,,,,,,,L94VSH,I,I,IT,LS,EZGO,12/13/2021,12/13/2021,1,,0.0,,PT,EUR,N,,,,,,38204342.0,WS,AGENT,,AM,M255299,EITS
2001782,,12/09/2021,4411,WS,,MILIG21JK,12/09/2021,ZZ,HTLCARONLY,MARCELLO,SIMONA,,,,,,,,,,,KY8R7M,I,I,IT,LS,EZGO,12/15/2021,12/15/2021,1,,0.0,,PT,EUR,N,,,,,,38204342.0,RR,AGENT,,AM,M174268,EITS
2001783,,12/07/2021,4406,RR,,MILIG21JK,12/07/2021,ZZ,HTLCARONLY,D'Amico,Alessandra,,,,,,,,,,,STNEXQ,I,I,IT,HC,DE,12/17/2021,12/17/2021,1,,0.0,,PT,EUR,N,,,,,,38204342.0,WS,AGENT,,AM,M225498,EITS
2001784,,12/01/2021,4406,SB,,MILIG21JK,12/01/2021,ZZ,HTLCARONLY,Albanese,Angela,,,,,,,,,,,OIBDOS,I,I,IT,HC,DE,12/20/2021,12/20/2021,1,,0.0,,PT,EUR,N,,,,,,38204342.0,WS,AGENT,,AM,M274819,EITS
2001785,,12/30/2021,4411,WS,,MILIG21JK,12/30/2021,ZZ,HTLCARONLY,ESPOSITO,FRANCESCO DR,,,,,,,,,,,PCLIVD,I,I,IT,LS,LS,01/12/2022,01/12/2022,1,,0.0,,PT,EUR,N,,,,,,38204342.0,RB,AGENT,,AM,M205227,EITS
2001786,,12/27/2021,4411,RR,,MILIG21JK,12/27/2021,ZZ,HTLCARONLY,LOMBARDI,ALBERTO,,,,,,,,,,,W8QOJN,I,I,IT,LS,LS,01/11/2022,01/11/2022,1,,0.0,,PT,EUR,N,,,,,,38204342.0,RR,AGENT,,AM,M172880,EITS
2001787,,12/17/2021,4411,RR,,MILIG21JK,12/17/2021,ZZ,HTLCARONLY,BONI,DARIO,,,,,,,,,,,SGJ2MC,I,I,IT,LS,LS,12/21/2021,12/21/2021,1,,0.0,,PT,EUR,N,,,,,,38204342.0,WS,AGENT,,AM,GUEST,EITS
2001788,,12/17/2021,4411,RR,,MILIG21JK,12/17/2021,ZZ,HTLCARONLY,BONI,DARIO,,,,,,,,,,,SGMMUS,I,I,IT,LS,LS,12/20/2021,12/20/2021,1,,0.0,,PT,EUR,N,,,,,,38204342.0,WS,AGENT,,AM,GUEST,EITS
2001789,,12/17/2021,4406,RR,,MILIG21JK,12/17/2021,ZZ,HTLCARONLY,Foscolo,Katia,,,,,,,,,,,S2TP9I,I,I,IT,MGF,HR,12/21/2021,12/21/2021,1,,0.0,,PT,EUR,N,,,,,,38204342.0,WS,AGENT,,AM,M161672,EITS
2001790,,12/15/2021,4408,WS,,MILIG21JK,12/15/2021,ZZ,HTLCARONLY,Piras,Emanuele,,,,,,,,,,,OKJMTN,D,I,IT,PM,PM,12/15/2021,12/15/2021,1,,0.0,,PT,EUR,N,,,,,,38204342.0,RB,AGENT,,AM,M161542,EITS
2001791,,12/14/2021,4406,RB,,MILIG21JK,12/14/2021,ZZ,HTLCARONLY,Fazzi,Gennaro,,,,,,,,,,,LG4S9U,I,I,IT,HC,DE,12/15/2021,12/15/2021,1,,0.0,,PT,EUR,N,,,,,,38204342.0,WS,AGENT,,AM,M267776,EITS
2001792,,12/20/2021,4406,RR,,MILIG21JK,12/20/2021,ZZ,HTLCARONLY,Trentin,Andrea,,,,,,,,,,,PRFIDA,D,I,IT,HC,IF,12/21/2021,12/21/2021,1,,0.0,,PT,EUR,N,,,,,,38204342.0,WS,AGENT,,AM,M127708,EITS
2001793,,12/10/2021,4406,RR,,MILIG21JK,12/10/2021,ZZ,HTLCARONLY,DI DATO,EMANUELE,,,,,,,,,,,NYT8A5,I,I,IT,UNK,GM,12/12/2021,12/12/2021,1,,0.0,,PT,EUR,N,,,,,,38204342.0,WS,AGENT,,AM,,EITS
2001794,,12/10/2021,4406,SB,,MILIG21JK,12/10/2021,ZZ,HTLCARONLY,Scarpato,Christian,,,,,,,,,,,KM4DTQ,I,I,IT,HC,GM,12/12/2021,12/12/2021,1,,0.0,,PT,EUR,N,,,,,,38204342.0,SB,AGENT,,AM,M269850,EITS
2001795,,12/03/2021,4406,RR,,MILIG21JK,12/03/2021,ZZ,HTLCARONLY,Zenga,Roberto,,,,,,,,,,,USYXRT,D,I,IT,HC,IF,12/16/2021,12/16/2021,1,,0.0,,PT,EUR,N,,,,,,38204342.0,RR,AGENT,,AM,M276272,EITS
2001796,,12/03/2021,4406,RR,,MILIG21JK,12/03/2021,ZZ,HTLCARONLY,Falco,Nunzia,,,,,,,,,,,UWYNX8,I,I,IT,HC,GM,12/12/2021,12/12/2021,1,,0.0,,PT,EUR,N,,,,,,38204342.0,WS,AGENT,,AM,M216202,EITS
2001797,,12/03/2021,4406,RR,,MILIG21JK,12/03/2021,ZZ,HTLCARONLY,Fontana,Massimiliano,,,,,,,,,,,UWGCSF,I,I,IT,HC,GM,12/12/2021,12/12/2021,1,,0.0,,PT,EUR,N,,,,,,38204342.0,WS,AGENT,,AM,M271820,EITS
2001798,2383.0,12/02/2021,4411,RB,FC,TREV,10/04/2021,ZZ,,TAGLIAPIETRA,GIANLUCA MR,,,,,,,,,,,,I,,IT,LS,LS,10/04/2021,10/07/2021,1,,,,TE,EUR,N,,,,,,,,AGENT,,1A,M241098,BITS
2001799,2489.0,12/13/2021,4406,SEL,FC,TREV,12/13/2021,NTV,0000000029,Voltolini,Elisa,29.9,,29.9,,29.9,29.9,0.0,,Y,,J7KUK9,D,I,IT,HC,IF,12/20/2021,,1,,,,TE,EUR,N,,,,,,,,AGENT,R,,M266226,BITS
2001800,2488.0,12/13/2021,4406,SEL,FC,TREV,12/13/2021,NTV,0000131221,Voltolini,Elisa,29.9,,29.9,,29.9,29.9,0.0,,Y,,J7KUK9,D,I,IT,HC,IF,12/20/2021,,1,,,,TE,EUR,N,,,,,,,,AGENT,R,,M266226,BITS
2001801,2371.0,12/01/2021,4406,EZ,FC,TREV,12/01/2021,V7,0000000302,Pilot,Patrizia Maria,46.0,,46.0,AL,46.0,46.0,0.0,,N,,LAOBPD,D,I,IT,HC,IF,12/02/2021,12/02/2021,1,,,,TE,EUR,N,,,,,,,,AGENT,A,,M143654,BITS
2001802,2372.0,12/01/2021,4406,EZ,FC,TREV,12/01/2021,V7,0000000302,Pilot,Patrizia Maria,41.0,,41.0,AL,41.0,41.0,0.0,,N,,J34KHC,D,I,IT,HC,IF,12/03/2021,12/03/2021,1,,,,TE,EUR,N,,,,,,,,AGENT,A,,M143654,BITS
2001803,2531.0,12/17/2021,4406,RS,FC,TREV,12/17/2021,FR,0000000337,Foscolo,Katia,122.79,,122.79,AW,122.79,122.79,0.0,,Y,,,D,I,IT,MGF,HR,12/22/2021,12/22/2021,1,,,,TE,EUR,N,,,,,,,,AGENT,A,,M161672,BITS
2001804,2461.0,12/10/2021,4406,EZ,FC,TREV,12/10/2021,NTV,0000000028,Giordano,Calogero,30.6,,30.6,,30.6,30.6,0.0,,Y,,,D,I,IT,HC,DE,12/14/2021,,1,,,,TE,EUR,N,,,,,,,,AGENT,R,,M291427,BITS
2001805,2496.0,12/14/2021,4406,EZ,FC,TREV,12/14/2021,NTV,0000131221,Voltolini,Elisa,0.0,,-23.9,,-23.9,-23.9,0.0,,Y,,J7KUK9,D,C,IT,HC,IF,12/20/2021,,-1,,,,TE,EUR,N,,,,,,,,AGENT,R,,M266226,BITR
2001806,2495.0,12/14/2021,4406,EZ,FC,TREV,12/14/2021,NTV,0000000029,Voltolini,Elisa,0.0,,-23.9,,-23.9,-23.9,0.0,,Y,,J7KUK9,D,C,IT,HC,IF,12/20/2021,,-1,,,,TE,EUR,N,,,,,,,,AGENT,R,,M266226,BITR
