TCACCTS,TCCARS,TCHOTEL,TCLEGS,TCSERVICES,TCTRIPS,TCUDIDS,TCSVCFEES
ACCT,RECKEY,RECKEY,RECKEY,RECKEY,RECKEY,RECKEY,RECKEY
ACCTNAME,COMPANY,CHAINCOD,AIRLINE,SVCCODE,INVOICE,UDIDNO,RECLOC
null,AUTOCITY,HOTELNAM,ORIGIN,SVCDESC,INVDATE,UDIDTEXT,TRANDATE
null,AUTOSTAT,HOTCITY,DESTINAT,SVCAMT,ACCT,null,ACCT
null,CITYCODE,HOTSTAT,RDEPDATE,MONEYTYPE,AGENTID,null,PASSLAST
null,RENTDATE,METRO,DEPTIME,TRANDATE,BRANCH,null,PASSFRST
null,DATEBACK,DATEIN,RARRDATE,VENDORCODE,PSEUDOCITY,null,SVCFEE
null,DAYS,DATEOUT,ARRTIME,TAX1,BOOKDATE,null,DESCRIPT
null,ABOOKRAT,NIGHTS,CLASS,TAX2,VALCARR,null,INVOICE
null,CARTYPE,ROOMS,FAREBASE,TAX3,TICKET,null,MCO
null,RATETYPE,NUMGUESTS,FLTNO,TAX4,PASSLAST,null,CARDNUM
null,MONEYTYPE,ROOMTYPE,SEQNO,SFTRANTYPE,PASSFRST,null,TRANTYPE
null,CPLUSMIN,BOOKRATE,SEGNUM,SFCREDCARD,STNDCHG,null,MONEYTYPE
null,CCOMMISN,MONEYTYPE,CONNECT,SFCARDNUM,MKTFARE,null,TAX1
null,CARCODE,HPLUSMIN,ACTFARE,MCO,OFFRDCHG,null,TAX2
null,EXCPCODEC,HOTPHONE,MISCAMT,null,REASCODE,null,TAX3
null,CEXCPRATE,HCOMMISSN,MILES,null,AIRCHG,null,TAX4
null,INVBYAGCY,EXCPCODEH,MODE,null,BASEFARE,null,IATANBR
null,CONFIRMNO,HEXCPRATE,RPLUSMIN,null,FARETAX,null,null
null,SVNGCODE,INVBYAGCY,DOMINTL,null,SVCFEE,null,null
null,STNDRATE,CONFIRMNO,TKTDESIG,null,CREDCARD,null,null
null,TRANTYPE,SVNGCODE,ORIGINCTRY,null,CARDNUM,null,null
null,null,STNDRATE,DESTCTRY,null,RECLOC,null,null
null,null,TRANTYPE,FLTDURATN,null,DOMINTL,null,null
null,null,HOTELADDR1,null,null,TRANTYPE,null,null
null,null,HOTELADDR2,null,null,BREAK1,null,null
null,null,HOTELZIP,null,null,BREAK2,null,null
null,null,HOTCOUNTRY,null,null,BREAK3,null,null
null,null,HOTSOURCE,null,null,DEPDATE,null,null
null,null,HOTPROPID,null,null,ARRDATE,null,null
null,null,null,null,null,PLUSMIN,null,null
null,null,null,null,null,SAVINGCODE,null,null
null,null,null,null,null,ACOMMISN,null,null
null,null,null,null,null,TOURCODE,null,null
null,null,null,null,null,TICKETTYPE,null,null
null,null,null,null,null,MONEYTYPE,null,null
null,null,null,null,null,EXCHANGE,null,null
null,null,null,null,null,ORIGTICKET,null,null
null,null,null,null,null,TAX1,null,null
null,null,null,null,null,TAX2,null,null
null,null,null,null,null,TAX3,null,null
null,null,null,null,null,TAX4,null,null
null,null,null,null,null,IATANBR,null,null
null,null,null,null,null,TKAGENT,null,null
null,null,null,null,null,BKAGENT,null,null
null,null,null,null,null,VALCARRMOD,null,null
null,null,null,null,null,GDS,null,null
null,null,null,null,null,TRAVELERID,null,null
null,null,null,null,null,BOOKINGNBR,null,null
