RECKEY,File:Reason
21305237,Udids:RECKEY & UDIDTEXT Matched
21305238,Udids:RECKEY & UDIDTEXT Matched
21305234,Udids:RECKEY & UDIDTEXT Matched
21305167,Udids:RECKEY & UDIDTEXT Matched
21305168,Udids:RECKEY & UDIDTEXT Matched
21305131,Udids:RECKEY & UDIDTEXT Matched
21305129,Udids:RECKEY & UDIDTEXT Matched
21305128,Udids:RECKEY & UDIDTEXT Matched
2130589,Udids:RECKEY & UDIDTEXT Matched
21305130,Udids:RECKEY & UDIDTEXT Matched
21305125,Udids:RECKEY & UDIDTEXT Matched
21305126,Udids:RECKEY & UDIDTEXT Matched
21305127,Udids:RECKEY & UDIDTEXT Matched
2130590,Udids:RECKEY & UDIDTEXT Matched
21305156,Udids:RECKEY & UDIDTEXT Matched
2130591,Udids:RECKEY & UDIDTEXT Matched
21305158,Udids:RECKEY & UDIDTEXT Matched
21305134,Udids:RECKEY & UDIDTEXT Matched
21305132,Udids:RECKEY & UDIDTEXT Matched
21305135,Udids:RECKEY & UDIDTEXT Matched
21305133,Udids:RECKEY & UDIDTEXT Matched
21305159,Udids:RECKEY & UDIDTEXT Matched
21305157,Udids:RECKEY & UDIDTEXT Matched
21305139,Udids:RECKEY & UDIDTEXT Matched
21305153,Udids:RECKEY & UDIDTEXT Matched
21305149,Udids:RECKEY & UDIDTEXT Matched
21305178,Udids:RECKEY & UDIDTEXT Matched
21305194,Udids:RECKEY & UDIDTEXT Matched
21305170,Udids:RECKEY & UDIDTEXT Matched
21305155,Udids:RECKEY & UDIDTEXT Matched
21305154,Udids:RECKEY & UDIDTEXT Matched
21305164,Udids:RECKEY & UDIDTEXT Matched
21305152,Udids:RECKEY & UDIDTEXT Matched
21305151,Udids:RECKEY & UDIDTEXT Matched
21305208,Udids:RECKEY & UDIDTEXT Matched
21305150,Udids:RECKEY & UDIDTEXT Matched
21305143,Udids:RECKEY & UDIDTEXT Matched
21305213,Udids:RECKEY & UDIDTEXT Matched
21305187,Udids:RECKEY & UDIDTEXT Matched
21305160,Udids:RECKEY & UDIDTEXT Matched
21305192,Udids:RECKEY & UDIDTEXT Matched
21305210,Udids:RECKEY & UDIDTEXT Matched
21305166,Udids:RECKEY & UDIDTEXT Matched
21305198,Udids:RECKEY & UDIDTEXT Matched
21305175,Udids:RECKEY & UDIDTEXT Matched
21305206,Udids:RECKEY & UDIDTEXT Matched
21305169,Udids:RECKEY & UDIDTEXT Matched
21305207,Udids:RECKEY & UDIDTEXT Matched
21305172,Udids:RECKEY & UDIDTEXT Matched
21305176,Udids:RECKEY & UDIDTEXT Matched
21305209,Udids:RECKEY & UDIDTEXT Matched
21305171,Udids:RECKEY & UDIDTEXT Matched
21305174,Udids:RECKEY & UDIDTEXT Matched
21305148,Udids:RECKEY & UDIDTEXT Matched
21305145,Udids:RECKEY & UDIDTEXT Matched
21305165,Udids:RECKEY & UDIDTEXT Matched
21305141,Udids:RECKEY & UDIDTEXT Matched
21305146,Udids:RECKEY & UDIDTEXT Matched
21305142,Udids:RECKEY & UDIDTEXT Matched
21305193,Udids:RECKEY & UDIDTEXT Matched
21305200,Udids:RECKEY & UDIDTEXT Matched
21305195,Udids:RECKEY & UDIDTEXT Matched
21305196,Udids:RECKEY & UDIDTEXT Matched
21305197,Udids:RECKEY & UDIDTEXT Matched
21305211,Udids:RECKEY & UDIDTEXT Matched
21305182,Udids:RECKEY & UDIDTEXT Matched
21305147,Udids:RECKEY & UDIDTEXT Matched
21305140,Udids:RECKEY & UDIDTEXT Matched
21305205,Udids:RECKEY & UDIDTEXT Matched
21305180,Udids:RECKEY & UDIDTEXT Matched
21305179,Udids:RECKEY & UDIDTEXT Matched
21305201,Udids:RECKEY & UDIDTEXT Matched
21305191,Udids:RECKEY & UDIDTEXT Matched
21305190,Udids:RECKEY & UDIDTEXT Matched
21305181,Udids:RECKEY & UDIDTEXT Matched
21305163,Udids:RECKEY & UDIDTEXT Matched
21305199,Udids:RECKEY & UDIDTEXT Matched
21305162,Udids:RECKEY & UDIDTEXT Matched
21305212,Udids:RECKEY & UDIDTEXT Matched
21305161,Udids:RECKEY & UDIDTEXT Matched
21305177,Udids:RECKEY & UDIDTEXT Matched
21305173,Udids:RECKEY & UDIDTEXT Matched
21305189,Udids:RECKEY & UDIDTEXT Matched
21305204,Udids:RECKEY & UDIDTEXT Matched
21305144,Udids:RECKEY & UDIDTEXT Matched
21305183,Udids:RECKEY & UDIDTEXT Matched
21305203,Udids:RECKEY & UDIDTEXT Matched
21305184,Udids:RECKEY & UDIDTEXT Matched
21305185,Udids:RECKEY & UDIDTEXT Matched
21305186,Udids:RECKEY & UDIDTEXT Matched
21305188,Udids:RECKEY & UDIDTEXT Matched
21305202,Udids:RECKEY & UDIDTEXT Matched
21305138,Udids:RECKEY & UDIDTEXT Matched
2130592,Udids:RECKEY & UDIDTEXT Matched
21305136,Udids:RECKEY & UDIDTEXT Matched
2130595,Udids:RECKEY & UDIDTEXT Matched
2130586,Udids:RECKEY & UDIDTEXT Matched
2130596,Udids:RECKEY & UDIDTEXT Matched
2130585,Udids:RECKEY & UDIDTEXT Matched
2130597,Udids:RECKEY & UDIDTEXT Matched
2130598,Udids:RECKEY & UDIDTEXT Matched
2130587,Udids:RECKEY & UDIDTEXT Matched
2130599,Udids:RECKEY & UDIDTEXT Matched
2130593,Udids:RECKEY & UDIDTEXT Matched
2130588,Udids:RECKEY & UDIDTEXT Matched
21305137,Udids:RECKEY & UDIDTEXT Matched
2130594,Udids:RECKEY & UDIDTEXT Matched
21305207,Udids:RECKEY & UDIDTEXT Matched
21305149,Udids:RECKEY & UDIDTEXT Matched
21305183,Udids:RECKEY & UDIDTEXT Matched
21305144,Udids:RECKEY & UDIDTEXT Matched
21305164,Udids:RECKEY & UDIDTEXT Matched
21305213,Udids:RECKEY & UDIDTEXT Matched
21305179,Udids:RECKEY & UDIDTEXT Matched
21305193,Udids:RECKEY & UDIDTEXT Matched
21305197,Udids:RECKEY & UDIDTEXT Matched
21305181,Udids:RECKEY & UDIDTEXT Matched
21305176,Udids:RECKEY & UDIDTEXT Matched
21305146,Udids:RECKEY & UDIDTEXT Matched
21305212,Udids:RECKEY & UDIDTEXT Matched
21305187,Udids:RECKEY & UDIDTEXT Matched
21305189,Udids:RECKEY & UDIDTEXT Matched
21305192,Udids:RECKEY & UDIDTEXT Matched
21305165,Udids:RECKEY & UDIDTEXT Matched
21305177,Udids:RECKEY & UDIDTEXT Matched
21305199,Udids:RECKEY & UDIDTEXT Matched
21305163,Udids:RECKEY & UDIDTEXT Matched
21305147,Udids:RECKEY & UDIDTEXT Matched
21305208,Udids:RECKEY & UDIDTEXT Matched
21305162,Udids:RECKEY & UDIDTEXT Matched
21305180,Udids:RECKEY & UDIDTEXT Matched
21305206,Udids:RECKEY & UDIDTEXT Matched
21305178,Udids:RECKEY & UDIDTEXT Matched
21305182,Udids:RECKEY & UDIDTEXT Matched
21305155,Udids:RECKEY & UDIDTEXT Matched
21305217,Udids:RECKEY & UDIDTEXT Matched
21305234,Udids:RECKEY & UDIDTEXT Matched
21305215,Udids:RECKEY & UDIDTEXT Matched
21305214,Udids:RECKEY & UDIDTEXT Matched
21305228,Udids:RECKEY & UDIDTEXT Matched
21305167,Udids:RECKEY & UDIDTEXT Matched
21305168,Udids:RECKEY & UDIDTEXT Matched
21305185,Udids:RECKEY & UDIDTEXT Matched
21305184,Udids:RECKEY & UDIDTEXT Matched
21305236,Udids:RECKEY & UDIDTEXT Matched
21305231,Udids:RECKEY & UDIDTEXT Matched
21305228,Udids:RECKEY & UDIDTEXT Matched
21305224,Udids:RECKEY & UDIDTEXT Matched
21305223,Udids:RECKEY & UDIDTEXT Matched
21305233,Udids:RECKEY & UDIDTEXT Matched
21305240,Udids:RECKEY & UDIDTEXT Matched
21305225,Udids:RECKEY & UDIDTEXT Matched
21305239,Udids:RECKEY & UDIDTEXT Matched
21305238,Udids:RECKEY & UDIDTEXT Matched
21305232,Udids:RECKEY & UDIDTEXT Matched
21305230,Udids:RECKEY & UDIDTEXT Matched
21305229,Udids:RECKEY & UDIDTEXT Matched
21305226,Udids:RECKEY & UDIDTEXT Matched
21305227,Udids:RECKEY & UDIDTEXT Matched
21305237,Udids:RECKEY & UDIDTEXT Matched
21305235,Udids:RECKEY & UDIDTEXT Matched
21305215,Udids:RECKEY & UDIDTEXT Matched
21305241,Udids:RECKEY & UDIDTEXT Matched
21305216,Udids:RECKEY & UDIDTEXT Matched
21305234,Udids:RECKEY & UDIDTEXT Matched
21305220,Udids:RECKEY & UDIDTEXT Matched
21305214,Udids:RECKEY & UDIDTEXT Matched
21305222,Udids:RECKEY & UDIDTEXT Matched
21305221,Udids:RECKEY & UDIDTEXT Matched
21305219,Udids:RECKEY & UDIDTEXT Matched
21305218,Udids:RECKEY & UDIDTEXT Matched
21305217,Udids:RECKEY & UDIDTEXT Matched
21305197,Udids:RECKEY & UDIDTEXT Matched
21305194,Udids:RECKEY & UDIDTEXT Matched
21305233,Udids:RECKEY & UDIDTEXT Matched
21305221,Udids:RECKEY & UDIDTEXT Matched
21305218,Udids:RECKEY & UDIDTEXT Matched
21305241,Udids:RECKEY & UDIDTEXT Matched
21305222,Udids:RECKEY & UDIDTEXT Matched
21305226,Udids:RECKEY & UDIDTEXT Matched
21305227,Udids:RECKEY & UDIDTEXT Matched
21305232,Udids:RECKEY & UDIDTEXT Matched
21305231,Udids:RECKEY & UDIDTEXT Matched
21305225,Udids:RECKEY & UDIDTEXT Matched
21305224,Udids:RECKEY & UDIDTEXT Matched
