RECKEY,CHAINCOD,HOTELNAM,HOTCITY,HOTSTAT,METRO,DATEIN,DATEOUT,NIGHTS,ROOMS,NUMGUESTS,ROOMTYPE,BOOKRATE,MONEYTYPE,HPLUSMIN,HOTPHONE,HCOMMISSN,EXCPCODEH,HEXCPRATE,INVBYAGCY,CONFIRMNO,SVNGCODE,STNDRATE,TRANTYPE,HOTELADDR1,HOTELADDR2,HOTELZIP,HOTCOUNTRY,HOTSOURCE,HOTPROPID
21305241,IM,FOR YOU HOTEL - CERNUSCO SUL NAV,MILAN,,LIN,01/12/2022,01/14/2022,2,1,1,,134.39,EUR,1,,0.0,HP,,F,21554261-5141V,,,I,,,,IT,AM,
21305237,M2,MERCURE BOLOGNA CENTRO,BOLOGNA,,BLQ,12/20/2021,12/21/2021,1,1,1,1A1D,85.36,EUR,1,39/051/42211,0.0,HP,,F,1310VLJ558,,,I,VIALE PIETRAMELLARA 59,,40121,IT,AM,RTBLQETA
21305226,YX,ATHENA HOTEL,SALISBURY,,SAY,12/14/2021,12/15/2021,1,1,1,1C1S,61.0,EUR,1,390577286313,0.0,HP,,F,8534SC000121,,,I,VIA PALO MASCAGNI 55,,53100,ZW,AM,YXSAYATH
21305225,IM,MELIA MILANO,MILAN,,MIL,12/16/2021,12/17/2021,1,1,1,,130.0,EUR,1,,0.0,HP,,F,149412158-90999,,,I,,,,IT,AM,
21305224,IM,MELIA MILANO,MILAN,,MIL,12/16/2021,12/17/2021,1,1,1,,130.0,EUR,1,,0.0,HP,,F,149399003-68075,,,I,,,,IT,AM,
21305221,IM,NILHOTEL,FLORENCE,,FLR,12/15/2021,12/16/2021,1,1,1,,89.0,EUR,1,,0.0,HP,,F,149372694-66762,,,I,,,,IT,AM,
21305210,IM,EGGENTALER HOTEL,BOLZANO,,BZO,12/21/2021,12/22/2021,1,1,1,,95.0,EUR,1,,0.0,HP,,F,HOTEL DIRECTVI,,,I,,,,IT,AM,
21305205,HA,EUROSTARS ROMA AETERNA,ROME,,ROM,12/21/2021,12/22/2021,1,1,1,1B2T,62.0,EUR,1,00390670603,0.0,HP,,F,38298327,,,I,VIA CASILINA 125/PIAZZA DEL PI,,00176,IT,AM,HAROMAET
21305204,HA,EUROSTARS ROMA AETERNA,ROME,,ROM,12/21/2021,12/22/2021,1,1,1,1B2T,62.0,EUR,1,00390670603,0.0,HP,,F,38298333,,,I,VIA CASILINA 125/PIAZZA DEL PI,,00176,IT,AM,HAROMAET
21305203,HA,EUROSTARS ROMA AETERNA,ROME,,ROM,12/21/2021,12/22/2021,1,1,1,1B2T,62.0,EUR,1,00390670603,0.0,HP,,F,38298359,,,I,VIA CASILINA 125/PIAZZA DEL PI,,00176,IT,AM,HAROMAET
21305202,HA,EUROSTARS ROMA AETERNA,ROME,,ROM,12/21/2021,12/22/2021,1,1,1,1B2T,62.0,EUR,1,00390670603,0.0,HP,,F,38298361,,,I,VIA CASILINA 125/PIAZZA DEL PI,,00176,IT,AM,HAROMAET
21305201,HA,EUROSTARS ROMA AETERNA,ROME,,ROM,12/21/2021,12/22/2021,1,1,1,1B2T,62.0,EUR,1,00390670603,0.0,HP,,F,38298351,,,I,VIA CASILINA 125/PIAZZA DEL PI,,00176,IT,AM,HAROMAET
21305199,YX,HOTEL REGINA MARGHERITA,CAGLIARI,,CAG,12/20/2021,12/21/2021,1,1,1,1C1S,105.27,EUR,1,39070670342,0.0,,,F,26491SC001700,,,I,VIALE REGINA MARGHERITA 44,,09124,IT,AM,YXCAG238
21305198,HA,EUROSTARS ROMA AETERNA,ROME,,ROM,12/21/2021,12/22/2021,1,1,1,1B2T,62.0,EUR,1,00390670603,0.0,HP,,F,38294132,,,I,VIA CASILINA 125/PIAZZA DEL PI,,00176,IT,AM,HAROMAET
21305194,IM,LA PIEVE HOTEL,VICENZA,,VIC,12/15/2021,12/16/2021,1,1,1,,79.3,EUR,1,,0.0,HP,,F,21551595-8946V,,,I,,,,IT,AM,
21305186,IM,RINGHOTEL HOHENLOHE,MUNICH,,MUC,12/12/2021,12/18/2021,6,1,1,,142.0,EUR,1,,0.0,,,F,MAILGERMANIA0,,,I,,,,DE,AM,
21305185,IM,HOHENLOHE,MUNICH,,MUC,12/12/2021,12/17/2021,5,1,1,,142.0,EUR,1,,0.0,HP,,F,HOTEL DIRECTWE,,,I,,,,DE,AM,
21305174,LM,HOTEL ADLER ZUERICH,ZURICH,,ZRH,12/13/2021,12/14/2021,1,1,1,1C1T,155.0,CHF,1,41442669696,0.0,HP,,F,635698939,,,I,ROSENGASSE 10 AM HIRSCHENPLATZ,,CH8001,CH,AM,LMZRHADL
21305173,LM,HOTEL ADLER ZUERICH,ZURICH,,ZRH,12/13/2021,12/14/2021,1,1,1,1C1T,155.0,CHF,1,41442669696,0.0,HP,,F,635698831,,,I,ROSENGASSE 10 AM HIRSCHENPLATZ,,CH8001,CH,AM,LMZRHADL
21305170,YX,HOTEL REGINA MARGHERITA,CAGLIARI,,CAG,12/20/2021,12/21/2021,1,1,1,1C1S,105.27,EUR,1,39070670342,0.0,,,F,26491SC001698,,,I,VIALE REGINA MARGHERITA 44,,09124,IT,AM,YXCAG238
21305169,YX,REGIO HOTEL MANFREDI,FOGGIA,,FOG,12/17/2021,12/18/2021,1,1,1,1C1D,59.0,EUR,1,390884530122,0.0,HP,,F,8520SC000729,,,I,S.P. 58 MANFREDONIA,,71043,IT,AM,YXFOGREG
21305159,IM,RINGHOTEL HOHENLOHE,FRANKFURT,,FRA,12/05/2021,12/08/2021,3,1,1,,142.0,EUR,1,,0.0,,,F,MAILSCHW BISCH,,,I,,,,DE,AM,
21305154,IM,AUX REMPARTS,ZURICH,,ZRH,12/12/2021,12/13/2021,1,1,1,,129.0,CHF,1,,0.0,HP,,F,149283475 HRSC,,,I,,,,CH,AM,
21305152,IM,AUX REMPARTS,ZURICH,,ZRH,12/12/2021,12/13/2021,1,1,1,,129.0,CHF,1,,0.0,HP,,F,149283475CHEMI,,,I,,,,CH,AM,
21305148,N2,NOVOTEL PARMA CENTRO,PARMA,,PMF,12/16/2021,12/17/2021,1,1,1,1C1D,79.19,EUR,1,39/0521/2727,0.0,,,F,A0X5VLF516,,,I,VIA TRENTO 9,,43122,IT,AM,RTPMFPAR
21305142,IM,IH HOTELS MILANO GIOIA,MILAN,,MIL,12/13/2021,12/14/2021,1,1,1,DUS,67.5,EUR,1,02366685,,,,F,,,,,VIA DELLA GIUSTIZIA  10/D,,20125,IT,,
21305139,M2,MERCURE BOLOGNA CENTRO,BOLOGNA,,BLQ,12/20/2021,12/21/2021,1,1,1,DUS,85.36,EUR,1,05142211,,,,F,,,,,VIALE PIETRAMELLARA 59,,40121,IT,,
21305130,N2,NOVOTEL PARIS EXPO PORTE DE VE,PARIS,,PAR,10/04/2021,10/07/2021,3,1,1,DUS,239.75,EUR,1,1/71254737,,,,T,,,,,4 BOULEVARD BRUNE,,75014,FR,,
21305129,IM,500 HOTEL,FLORENCE,,FLR,12/13/2021,12/14/2021,1,1,1,DUS,0.0,EUR,1,0558803500,,,,F,,,,,VIA TOMERELLO 1,,50013,IT,,
21305126,IM,500 HOTEL,FLORENCE,,FLR,12/13/2021,12/14/2021,1,1,1,DUS,128.0,EUR,1,0558803500,,,,F,,,,,VIA TOMERELLO 1,,50013,IT,,
21305127,IM,500 HOTEL,FLORENCE,,FLR,12/13/2021,12/14/2021,1,1,1,DUS,-128.0,EUR,-1,0558803500,,,,F,,,,C,VIA TOMERELLO 1,,50013,IT,,
