RECKEY,CHAINCOD,HOTELNAM,HOTCITY,HOTSTAT,METRO,DATEIN,DATEOUT,NIGHTS,ROOMS,NUMGUESTS,ROOMTYPE,BOOKRATE,MONEYTYPE,HPLUSMIN,HOTPHONE,HCOMMISSN,EXCPCODEH,HEXCPRATE,INVBYAGCY,CONFIRMNO,SVNGCODE,STNDRATE,TRANTYPE,HOTELADDR1,HOTELADDR2,HOTELZIP,HOTCOUNTRY,HOTSOURCE,HOTPROPID
2820533,IM,POLONIA PALACE,WARSZAWA,,,01/25/2022,01/28/2022,3,1,,STD,477.0,PLN,1,,,,,F,,,,I,,,,PL,,
2820532,BR,RENAISSANCE WARSAW AIRPORT HOTEL,WARSZAWA,,,01/26/2022,01/27/2022,1,1,,STD,470.0,PLN,1,,,,,F,,,,I,,,,PL,,
2820531,IM,ARCHE,CZESTOCHOWA,,CZW,01/16/2022,01/17/2022,1,1,,STD,263.0,PLN,1,,,,,F,,,,I,,,,PL,,
2820528,N2,NOVOTEL CENTRUM,LODZ,,LCJ,01/19/2022,01/20/2022,1,1,,STD,431.5,PLN,1,,,,,F,,,,I,,,,PL,,
2820527,IM,SENATOR,ZAMOSC,,,01/25/2022,01/26/2022,1,1,,STD,279.0,PLN,1,,,,,F,,,,I,,,,PL,,
2820526,IM,ESTERA,KRAKOW,,KRK,01/18/2022,01/19/2022,1,1,,STD,290.6,PLN,1,,,,,F,,,,I,,,,PL,,
2820525,IM,GRAND CRU,GDANSK,,GDN,01/18/2022,01/19/2022,1,1,,STD,347.87,PLN,1,,,,,F,,,,I,,,,PL,,
2820524,IM,EVVA BUSINESS,TARNOBRZEG,,QEP,01/18/2022,01/19/2022,1,1,,STD,269.1,PLN,1,,,,,F,,,,I,,,,PL,,
2820523,IM,PRZYSTANEK TORU,TORUN,,,01/16/2022,01/17/2022,1,1,,STD,162.0,PLN,1,,,,,F,,,,I,,,,PL,,
2820521,IM,ALESSANDRIA,HRADEC KRALOVE,,,01/25/2022,01/26/2022,1,1,,STD,203.0,PLN,1,,,,,F,,,,I,,,,CZ,,
2820519,IM,TRIO,BIALYSTOK,,QYY,01/20/2022,01/21/2022,1,1,,STD,252.0,PLN,1,,,,,F,,,,I,,,,PL,,
2820517,IM,FOCUS,SZCZECIN,,SZZ,01/18/2022,01/19/2022,1,1,,STD,315.0,PLN,1,,,,,F,,,,I,,,,PL,,
2820516,IM,ANDEL S,KRAKOW,,KRK,01/18/2022,01/19/2022,1,1,,STD,516.0,PLN,1,,,,,F,,,,I,,,,PL,,
2820515,IM,ANDEL S,LODZ,,LCJ,01/18/2022,01/20/2022,2,1,,STD,399.0,PLN,1,,,,,F,,,,I,,,,PL,,
2820514,HH,HILTON,WARSZAWA,,,01/14/2022,01/15/2022,1,1,,STD,445.0,PLN,1,,,,,F,,,,I,,,,PL,,
2820513,IM,CITY,BYDGOSZCZ,,BZG,01/13/2022,01/14/2022,1,1,,STD,280.0,PLN,1,,,,,F,,,,I,,,,PL,,
