RECKEY,AIRLINE,ORIGIN,DESTINAT,RDEPDATE,DEPTIME,RARRDATE,ARRTIME,CLASS,FAREBASE,FLTNO,SEQNO,SEGNUM,CONNECT,ACTFARE,MISCAMT,MILES,MODE,RPLUSMIN,DOMINTL,TKTDESIG,ORIGINCTRY,DESTCTRY,FLTDURATN
282059,PKPI,KATOWICE,WARSZAWACE,01/12/2022,09:02,01/12/2022,11:26,1,,RAIL,1,1,,,,298,R,1,D,,NZ,ID,
282058,PKPI,KRAKOWGL,WARSZAWAZA,01/12/2022,13:52,01/12/2022,16:08,1,,RAIL,1,1,,,,290,R,1,D,,AU,ID,
282057,PKPI,WARSZAWAZA,KRAKOWGL,01/12/2022,07:31,01/12/2022,10:02,1,,RAIL,1,1,,,,290,R,1,D,,ID,AU,
282056,PKPI,SOSNOWIECG,WARSZAWACE,01/12/2022,07:10,01/12/2022,09:28,1,,RAIL,1,1,,,,289,R,1,D,,,ID,
282055,PKPI,OSTRODA,POZGL,01/14/2022,14:19,01/14/2022,17:35,1,,RAIL,1,1,,,,265,R,1,D,,BE,,
282054,LO,SZZ,WAW,02/03/2022,09:10,02/03/2022,10:20,K,KSAVP0,3932,1,2,O,252.0,0.0,272,A,1,D,,PL,PL,110.0
282054,LO,WAW,SZZ,02/03/2022,18:05,02/03/2022,19:20,K,KSAVP0,3935,2,3,O,252.0,0.0,272,A,1,D,,PL,PL,115.0
2820530,PKPI,POZGL,WARSZAWAZA,02/01/2022,12:43,02/01/2022,15:38,1,,RAIL,1,1,,,,298,R,1,D,,,ID,
282053,LO,WAW,SZZ,01/27/2022,18:05,01/27/2022,19:20,K,KSAVP0,3935,2,3,O,252.0,0.0,272,A,1,D,,PL,PL,115.0
282053,LO,SZZ,WAW,01/26/2022,20:10,01/26/2022,21:20,K,KSAVP0,3936,1,2,O,252.0,0.0,272,A,1,D,,PL,PL,110.0
2820529,PKPI,WARSZAWAZA,POZGL,02/01/2022,06:22,02/01/2022,09:19,1,,RAIL,1,1,,,,298,R,1,D,,ID,,
282052,LO,POZ,WAW,01/26/2022,05:35,01/26/2022,06:35,T,TSAVN0,3942,1,1,O,,,176,A,1,D,,,,
282052,LO,WAW,POZ,01/27/2022,16:20,01/27/2022,17:20,T,TSAVN0,3947,2,2,O,,,176,A,1,D,,,,
2820518,PKPI,WARSZAWAZA,BYDGOSZCZG,01/31/2022,12:35,01/31/2022,16:09,2,,RAIL,1,1,,,,282,R,1,D,,ID,YE,
2820512,PKPI,WARSZAWACE,KATOWICE,01/13/2022,14:20,01/13/2022,17:03,1,,RAIL,1,1,,,,298,R,1,D,,ID,NZ,
2820511,PKPI,WARSZAWACE,KATOWICE,01/13/2022,14:20,01/13/2022,17:03,1,,RAIL,1,1,,,,298,R,1,D,,ID,NZ,
2820510,PKPI,KATOWICE,WARSZAWACE,01/12/2022,10:54,01/12/2022,13:29,1,,RAIL,1,1,,,,298,R,1,D,,NZ,ID,
282051,LO,WAW,POZ,01/27/2022,16:20,01/27/2022,17:20,T,TSAVN0,3947,2,3,O,119.0,0.0,176,A,1,D,,PL,PL,100.0
282051,LO,POZ,WAW,01/26/2022,12:50,01/26/2022,13:50,T,TSAVN0,3944,1,2,O,119.0,0.0,176,A,1,D,,PL,PL,100.0
