RECKEY,SVCCODE,SVCDESC,SVCAMT,MONEYTYPE,TRANDATE,VENDORCODE,TAX1,TAX2,TAX3,TAX4,SFTRANTYPE,SFCREDCARD,SFCARDNUM,MCO
2000076.0,TSF,EMD-SEAT RESERVATION,26.0,CHF,10/15/2021,TK,0.0,0.0,0.0,,I,,,1856215001
2000076.0,TSF,EMD-SEAT RESERVATION,26.0,CHF,10/15/2021,TK,0.0,0.0,0.0,,I,,, 
2000005.0,TSF,EMD-ALLOCATED SEATING,20.5,CHF,10/22/2021,U2,0.0,0.0,0.0,,I,,,6401370557
2000005.0,TSF,EMD-ALLOCATED SEATING,20.5,CHF,10/22/2021,U2,0.0,0.0,0.0,,I,,, 
2000175.0,TSF,EMD-PENALTY FEE,70.0,CHF,10/27/2021,IB,0.0,0.0,0.0,,I,,,1856215002
2000015.0,TSF,EMD-ALLOCATED SEATING,53.0,CHF,10/06/2021,U2,0.0,0.0,0.0,,I,,,6401330281
2000015.0,TSF,EMD-ALLOCATED SEATING,53.0,CHF,10/06/2021,U2,0.0,0.0,0.0,,I,,, 
