RECKEY,INVOICE,INVDATE,ACCT,AGENTID,BRANCH,PSEUDOCITY,BOOKDATE,VALCARR,TICKET,PASSLAST,PASSFRST,STNDCHG,MKTFARE,OFFRDCHG,REASCODE,AIRCHG,BASEFARE,FARETAX,SVCFEE,CREDCARD,CARDNUM,RECLOC,DOMINTL,TRANTYPE,BREAK1,BREAK2,BREAK3,DEPDATE,ARRDATE,PLUSMIN,SAVINGCODE,ACOMMISN,TOURCODE,TICKETTYPE,MONEYTYPE,EXCHANGE,ORIGTICKET,TAX1,TAX2,TAX3,TAX4,IATANBR,TKAGENT,BKAGENT,VALCARRMOD,GDS,TRAVELERID,BOOKINGNBR
2000063.0,,01/24/2022,MERCKPL33C,AM,,WAWLW2218,01/24/2022,LO,9487149650,Bogdanska,Joanna,0.0,0.0,0.0,AL,0.0,0.0,0.0,0.0,Y,TP000000000052768,VZ9UWV,D,V,PL,LS,LS,01/26/2022,01/27/2022,1,,0.0,CTFRA015,TE,PLN,N,,0.0,0.0,0.0,0.0,63203836,WS,AGENT,A,AM,M242874,EPLV
2000064.0,0155/L/01/22/N/AP,01/28/2022,MERCKPL11C,AM,1.0,WAWLW2218,01/27/2022,LO,9487149653,Papajewska,Malgorzata,724.35,0.0,724.35,AL,724.35,504.0,220.35,0.0,Y,TP000000000040475,QZW9Z9,D,I,PL,HC,IF,02/03/2022,02/03/2022,1,,0.05,CTFRA015,TE,PLN,N,,42.0,9.38,168.97,0.0,63203836,AM,AGENT,A,AM,M140878,EPLS
2000065.0,0128/L/01/22/N/AP,01/24/2022,MERCKPL11C,AM,1.0,WAWLW2218,01/24/2022,LO,9487149652,Papajewska,Malgorzata,724.35,0.0,724.35,AL,724.35,504.0,220.35,0.0,Y,TP000000000040475,WF8W9O,D,I,PL,HC,IF,01/26/2022,01/27/2022,1,,0.05,CTFRA015,TE,PLN,N,,42.0,9.38,168.97,0.0,63203836,WS,AGENT,A,AM,M140878,EPLS
2000066.0,0122/L/01/22/N/AP,01/24/2022,MERCKPL33C,AM,1.0,WAWLW2218,01/24/2022,LO,9487149651,Bogdanska,Joanna,440.0,0.0,440.0,AL,440.0,238.0,202.0,0.0,Y,TP000000000052768,VZ9UWV,D,I,PL,LS,LS,01/26/2022,01/27/2022,1,,0.0,CTFRA015,TE,PLN,N,,42.0,9.93,150.07,0.0,63203836,WS,AGENT,A,AM,M242874,EPLS
2000067.0,0033/HK/01/22/N/AP,01/28/2022,MERCKPL11C,ANNPIK,1.0,63203836,01/14/2022,ZZ,,Pierzchala,DARIUSZ,,,,,,,,,N,,149777446,D,I,PL,HC,IF,01/16/2022,01/17/2022,1,,0.0,,TE,PLN,N,,,,,,6320383,OLGWIE,AGENT,,,M266629,BPLS
2000068.0,0028/HK/01/22/N/AP,01/27/2022,MERCKPL11C,ANNPIK,1.0,63203836,01/17/2022,ZZ,,LENAR,MONIKA,,,,,,,,,N,,149809414,D,I,PL,HC,IF,01/18/2022,01/19/2022,1,,0.0,,TE,PLN,N,,,,,,6320383,OLGWIE,AGENT,,,,BPLS
2000069.0,0029/HK/01/22/N/AP,01/27/2022,MERCKPL11C,ANNPIK,1.0,63203836,01/25/2022,ZZ,,Pierzchala,DARIUSZ,,,,,,,,,N,,149877886,D,I,PL,HC,IF,01/25/2022,01/26/2022,1,,0.0,,TE,PLN,N,,,,,,6320383,IWORYC,AGENT,,,M266629,BPLS
2000070.0,0030/HK/01/22/N/AP,01/27/2022,MERCKPL11C,ANNPIK,1.0,63203836,01/17/2022,ZZ,,Polomska,Anna,,,,,,,,,N,,149809612,D,I,PL,HC,IF,01/19/2022,01/20/2022,1,,0.0,,TE,PLN,N,,,,,,6320383,OLGWIE,AGENT,,,M232010,BPLS
2000071.0,0043/K/01/22/N/AP,01/27/2022,MERCKPL33C,MONWAS,1.0,63203836,01/26/2022,PKPI,EIC129984166,Narloch,Magdalena,109.0,,109.0,,109.0,100.93,8.07,,N,,EIC129984166,D,I,PL,LS,LS,02/01/2022,02/01/2022,1,,0.0,,TE,PLN,N,,,,,,6320383,MONWAS,AGENT,R,,M164627,BPLS
2000072.0,0043/K/01/22/N/AP,01/27/2022,MERCKPL33C,MONWAS,1.0,63203836,01/26/2022,PKPI,EIC129984279,Narloch,Magdalena,114.0,,114.0,,114.0,105.56,8.44,,N,,EIC129984279,D,I,PL,LS,LS,02/01/2022,02/01/2022,1,,0.0,,TE,PLN,N,,,,,,6320383,MONWAS,AGENT,R,,M164627,BPLS
2000073.0,0034/HK/01/22/N/AP,01/28/2022,MERCKPL33C,ANNPIK,1.0,63203836,01/26/2022,ZZ,,Tomczak,Michal,,,,,,,,,N,,19490738,D,I,PL,NOHR,LS,01/26/2022,01/27/2022,1,,0.0,,TE,PLN,N,,,,,,6320383,IWORYC,AGENT,,,X228736,BPLS
2000074.0,0011/K/01/22/N/AP,01/12/2022,MERCKPL33C,MONWAS,1.0,63203836,01/11/2022,PKPI,EIC129178595,Ciechonski,Zdzislaw,229.0,,229.0,,229.0,212.04,16.96,,N,,EIC129178595,D,I,PL,LS,LS,01/12/2022,01/12/2022,1,,0.0,,TE,PLN,N,,,,,,6320383,MONWAS,AGENT,R,,M126991,BPLS
2000075.0,0037/HK/01/22/N/AP,01/31/2022,MERCKPL33C,ANNPIK,1.0,63203836,01/25/2022,ZZ,,Niedbal,Sylwia,,,,,,,,,N,,492639270,D,I,PL,LS,LS,01/25/2022,01/28/2022,1,,0.0,,TE,PLN,N,,,,,,6320383,IWORYC,AGENT,,,M217383,BPLS
2000076.0,0003/K/01/22/N/AP,01/05/2022,MERCKPL33C,MONWAS,1.0,63203836,01/05/2022,PKPI,EIC128843560,Kozlowska,Patrycja,75.0,,75.0,,75.0,69.44,5.56,,N,,EIC128843560,D,I,PL,NOHR,LS,01/14/2022,01/14/2022,1,,0.0,,TE,PLN,N,,,,,,6320383,MONWAS,AGENT,R,,X225141,BPLS
2000077.0,0009/K/01/22/N/AP,01/11/2022,MERCKPL11C,MONWAS,1.0,63203836,01/10/2022,PKPI,EIC129149584,Wszelaki,PAWEL,229.0,,229.0,,229.0,212.04,16.96,,N,,EIC129149584,D,I,PL,HC,IF,01/12/2022,01/12/2022,1,,0.0,,TE,PLN,N,,,,,,6320383,MONWAS,AGENT,R,,M257789,BPLS
2000078.0,0011/K/01/22/N/AP,01/12/2022,MERCKPL33C,MONWAS,1.0,63203836,01/11/2022,PKPI,EIC129178472,Ciechonski,Zdzislaw,229.0,,229.0,,229.0,212.04,16.96,,N,,EIC129178472,D,I,PL,LS,LS,01/12/2022,01/12/2022,1,,0.0,,TE,PLN,N,,,,,,6320383,MONWAS,AGENT,R,,M126991,BPLS
2000079.0,0026/HK/01/22/N/AP,01/27/2022,MERCKPL11C,ANNPIK,1.0,63203836,01/17/2022,ZZ,,Polomska,Anna,,,,,,,,,N,,149809455,D,I,PL,HC,IF,01/18/2022,01/19/2022,1,,0.0,,TE,PLN,N,,,,,,6320383,OLGWIE,AGENT,,,M232010,BPLS
2000080.0,0012/K/01/22/N/AP,01/12/2022,MERCKPL11C,MONWAS,1.0,63203836,01/11/2022,PKPI,EIC129195833,Czarnik,Malgorzata,229.0,,229.0,,229.0,212.04,16.96,,N,,EIC129195833,D,I,PL,HC,DE,01/12/2022,01/12/2022,1,,0.0,,TE,PLN,N,,,,,,6320383,MONWAS,AGENT,R,,M162246,BPLS
2000081.0,0013/K/01/22/N/AP,01/12/2022,MERCKPL11C,MONWAS,1.0,63203836,01/12/2022,PKPI,EIC129231196,Czarnik,Malgorzata,78.0,,78.0,,78.0,72.22,5.78,,N,,EIC129231196,D,I,PL,HC,DE,01/12/2022,01/12/2022,1,,0.0,,TE,PLN,N,,,,,,6320383,MONWAS,AGENT,R,,M162246,BPLS
2000082.0,0015/K/01/22/N/AP,01/13/2022,MERCKPL11C,MONWAS,1.0,63203836,01/13/2022,PKPI,EIC129290104,Wszelaki,PAWEL,88.0,,88.0,,88.0,81.48,6.52,,N,,EIC129290104,D,I,PL,HC,IF,01/13/2022,01/13/2022,1,,0.0,,TE,PLN,N,,,,,,6320383,MONWAS,AGENT,R,,M257789,BPLS
2000083.0,0016/K/01/22/N/AP,01/13/2022,MERCKPL11C,MONWAS,1.0,63203836,01/13/2022,PKPI,EIC129290278,Czarnik,Malgorzata,88.0,,88.0,,88.0,81.48,6.52,,N,,EIC129290278,D,I,PL,HC,DE,01/13/2022,01/13/2022,1,,0.0,,TE,PLN,N,,,,,,6320383,MONWAS,AGENT,R,,M162246,BPLS
2000084.0,0006/HK/01/22/N/AP,01/14/2022,MERCKPL33C,ANNPIK,1.0,63203836,01/13/2022,ZZ,,Nadarzynski,Krzysztof,,,,,,,,,N,,149757838,D,I,PL,LS,LS,01/13/2022,01/14/2022,1,,0.0,,TE,PLN,N,,,,,,6320383,IWORYC,AGENT,,,M253848,BPLS
2000085.0,0009/HK/01/22/N/AP,01/17/2022,MERCKPL11C,ANNPIK,1.0,63203836,11/26/2021,ZZ,,KARCZEWSKA,KUPCZEWSKA,,,,,,,,,N,,3208182623,D,I,PL,HC,IF,01/14/2022,01/15/2022,1,,0.0,,TE,PLN,N,,,,,,6320383,IWORYC,AGENT,,,,BPLS
2000086.0,0012/HK/01/22/N/AP,01/20/2022,MERCKPL11C,ANNPIK,1.0,63203836,01/18/2022,ZZ,,Toepler,Przemyslaw,,,,,,,,,N,,250033,D,I,PL,HC,IF,01/18/2022,01/20/2022,1,,0.0,,TE,PLN,N,,,,,,6320383,IWORYC,AGENT,,,M211703,BPLS
2000087.0,0023/HK/01/22/N/AP,01/27/2022,MERCKPL33C,ANNPIK,1.0,63203836,01/14/2022,ZZ,,Gospodarczyk,Wojciech,,,,,,,,,N,,149765875,D,I,PL,LS,LS,01/16/2022,01/17/2022,1,,0.0,,TE,PLN,N,,,,,,6320383,OLGWIE,AGENT,,,M148626,BPLS
2000088.0,0013/HK/01/22/N/AP,01/20/2022,MERCKPL11C,ANNPIK,1.0,63203836,01/18/2022,ZZ,,Nowacka,Joanna,,,,,,,,,N,,192 380,D,I,PL,HC,DE,01/18/2022,01/19/2022,1,,0.0,,TE,PLN,N,,,,,,6320383,IWORYC,AGENT,,,M264667,BPLS
2000089.0,0035/K/01/22/N/AP,01/24/2022,MERCKPL11C,MONWAS,1.0,63203836,01/24/2022,PKPI,EIC129876176,Ostrowski,Wojciech,56.95,,56.95,,56.95,52.73,4.22,,N,,EIC129876176,D,I,PL,HC,DE,01/31/2022,01/31/2022,1,,0.0,,TE,PLN,N,,,,,,6320383,MONWAS,AGENT,R,,M211953,BPLS
2000090.0,0018/HK/01/22/N/AP,01/25/2022,MERCKPL11C,ANNPIK,1.0,63203836,01/17/2022,ZZ,,Ostrowski,Wojciech,,,,,,,,,N,,11865246,D,I,PL,HC,DE,01/20/2022,01/21/2022,1,,0.0,,TE,PLN,N,,,,,,6320383,IWORYC,AGENT,,,M211953,BPLS
2000091.0,0014/HK/01/22/N/AP,01/20/2022,MERCKPL11C,ANNPIK,1.0,63203836,01/18/2022,ZZ,,Tobola,Krzysztof,,,,,,,,,N,,149717907,D,I,PL,HC,DE,01/18/2022,01/19/2022,1,,0.0,,TE,PLN,N,,,,,,6320383,IWORYC,AGENT,,,M248550,BPLS
2000092.0,0025/HK/01/22/N/AP,01/27/2022,MERCKPL33C,ANNPIK,1.0,63203836,01/17/2022,ZZ,,Ciechonski,Zdzislaw,,,,,,,,,N,,149797961,D,I,PL,LS,LS,01/18/2022,01/19/2022,1,,0.0,,TE,PLN,N,,,,,,6320383,OLGWIE,AGENT,,,M126991,BPLS
2000093.0,0004/HZ/01/22/N/AP,01/26/2022,MERCKPL33C,ANNPIK,1.0,63203836,01/24/2022,ZZ,,Ciechonski,Zdzislaw,,,,,,,,,N,,,I,I,PL,LS,LS,01/25/2022,01/26/2022,1,,0.0,,TE,PLN,N,,,,,,6320383,ANEKOS,AGENT,,,M126991,BPLS
