RECKEY,INVOICE,INVDATE,ACCT,AGENTID,BRANCH,PSEUDOCITY,BOOKDATE,VALCARR,TICKET,PASSLAST,PASSFRST,STNDCHG,MKTFARE,OFFRDCHG,REASCODE,AIRCHG,BASEFARE,FARETAX,SVCFEE,CREDCARD,CARDNUM,RECLOC,DOMINTL,TRANTYPE,BREAK1,BREAK2,BREAK3,DEPDATE,ARRDATE,PLUSMIN,SAVINGCODE,ACOMMISN,TOURCODE,TICKETTYPE,MONEYTYPE,EXCHANGE,ORIGTICKET,TAX1,TAX2,TAX3,TAX4,IATANBR,TKAGENT,BKAGENT,VALCARRMOD,GDS,TRAVELERID,BOOKINGNBR,PASSFRST_CLEAN,PASSLAST_CLEAN,TICKET_2,TICKET_3,ticket_reference
21305127,2377.0,12/02/2021,4411,EZ,FC,TREV,12/02/2021,ZZ,,MINOTTO,GIORGIA ENRICA,,,,,,,,,,,R9BNDH,D,,IT,LS,LS,12/13/2021,12/14/2021,1,,,,TE,EUR,N,,,,,,,,AGENT,,1A,M289221,BITR,giorgia,minotto,,,|P
21305115,2415.0,12/17/2021,4406,SEL,FC,TREV,12/05/2021,ZZ,,Lisco,Claudio,,,,,,,,,,,UW9LSW,D,,IT,NOHR,GM,12/05/2021,12/08/2021,1,,,,TE,EUR,N,,,,,,,,AGENT,,1A,X227104,BITR,claudio,lisco,,,|P
21305112,2464.0,12/10/2021,4406,RS,FC,TREV,12/10/2021,ZZ,,DI DATO,EMANUELE MR,,,,,,,,,,,NUIL6R,D,,IT,HC,GM,12/12/2021,12/17/2021,1,,,,TE,EUR,N,,,,,,,,AGENT,,1A,,BITR,emanuele,di dato,,,|P
2130526,2401.0,12/03/2021,4406,RS,FC,TREV,12/03/2021,LX,6337840113,Falco,Nunzia,383.2,,338.3,AL,338.3,203.0,135.3,,Y,,UTU6PN,I,I,IT,HC,GM,12/12/2021,12/14/2021,1,,,,TE,EUR,N,,,,,,,,AGENT,A,1A,M216202,BITS,nunzia,falco,6337840113,6337840113,6337840113|P
2130556,2466.0,12/10/2021,4406,RS,FC,TREV,12/10/2021,LH,6337840124,DI DATO,EMANUELE MR,712.5,,630.34,AL,630.34,461.0,169.34,,Y,,NUIL6R,I,I,IT,HC,GM,12/12/2021,12/17/2021,1,,,,TE,EUR,N,,,,,,,,AGENT,A,1A,,BITS,emanuele,di dato,6337840124,6337840124,6337840124|P
2130525,2400.0,12/03/2021,4406,RS,FC,TREV,12/03/2021,LX,6337840112,Fontana,Massimiliano,383.2,,338.3,AL,338.3,203.0,135.3,,Y,,UUEFOD,I,I,IT,HC,GM,12/12/2021,12/14/2021,1,,,,TE,EUR,N,,,,,,,,AGENT,A,1A,M271820,BITS,massimiliano,fontana,6337840112,6337840112,6337840112|P
2130532,2419.0,12/06/2021,4406,RS,FC,TREV,12/06/2021,LX,6337840117,Fortuna,Serena,3.69,,3.69,AX,3.69,0.0,3.69,,Y,,RN4GZM,I,I,IT,HC,RE,03/21/2022,03/22/2022,1,,,,TE,EUR,Y,6337840085.0,,,,,,,AGENT,A,1A,M258365,BITS,serena,fortuna,6337840117,6337840117,6337840117|P
2130531,2418.0,12/06/2021,4406,RS,FC,TREV,12/06/2021,LX,6337840116,Marfoli Young,Patrizio,3.69,,3.69,AX,3.69,0.0,3.69,,Y,,RNBHMV,I,I,IT,HC,RE,03/21/2022,03/22/2022,1,,,,TE,EUR,Y,6337840086.0,,,,,,,AGENT,A,1A,M209308,BITS,patrizio,marfoli young,6337840116,6337840116,6337840116|P
2130538,2433.0,12/07/2021,4406,RB,FC,TREV,12/07/2021,AZ,6337840118,BUTTINONI,IRIS MRS,74.29,,74.29,AL,74.29,42.0,32.29,,Y,,SPZ7V9,D,I,IT,HC,IF,12/13/2021,12/13/2021,1,,,,TE,EUR,N,,,,,,,,AGENT,A,1A,,BITS,iris,buttinoni,6337840118,6337840118,6337840118|P
2130540,2443.0,12/09/2021,4406,RS,FC,TREV,12/09/2021,AZ,6337840121,Comodini,Matteo,112.42,,112.42,AL,112.42,24.0,88.42,,Y,,L6MP2Q,D,I,IT,NOHR,GM,01/12/2022,01/13/2022,1,,,,TE,EUR,N,,,,,,,,AGENT,A,1A,X230388,BITS,matteo,comodini,6337840121,6337840121,6337840121|P
2130530,2417.0,12/03/2021,4406,SEL,FC,TREV,12/03/2021,LH,6337840115,Lisco,Claudio,441.7,,441.7,AL,441.7,299.29,142.41,,Y,,UW9LSW,I,I,IT,NOHR,GM,12/05/2021,12/08/2021,1,,,,TE,EUR,N,,,,,,,,AGENT,A,,X227104,BITS,claudio,lisco,6337840115,6337840115,6337840115|P
2130542,2450.0,12/09/2021,4406,RS,FC,TREV,12/09/2021,AZ,6337840123,Benincasa,Rosella,136.94,,136.94,AL,136.94,99.0,37.94,,Y,,L8DCWS,D,I,IT,HC,IF,12/18/2021,12/18/2021,1,,,,TE,EUR,N,,,,,,,,AGENT,A,1A,M274824,BITS,rosella,benincasa,6337840123,6337840123,6337840123|P
2130598,2517.0,12/17/2021,4411,RS,FC,TREV,12/17/2021,AZ,6337840133,QUARATINO,DANIELE MR,93.02,,93.02,AL,93.02,45.0,48.02,,Y,,UDORU6,D,I,IT,LS,LS,12/21/2021,12/21/2021,1,,,,TE,EUR,N,,,,,,,,AGENT,A,1A,M176282,BITS,daniele,quaratino,6337840133,6337840133,6337840133|P
2130529,2414.0,12/03/2021,4406,SEL,FC,TREV,12/03/2021,AZ,6337840114,Lisco,Claudio,229.41,,229.41,AL,229.41,87.0,142.41,,Y,,UX4ZWU,I,I,IT,NOHR,GM,12/08/2021,12/08/2021,1,,,,TE,EUR,N,,,,,,,,AGENT,A,1A,X227104,BITS,claudio,lisco,6337840114,6337840114,6337840114|P
2130541,2444.0,12/09/2021,4406,RS,FC,TREV,12/09/2021,AZ,6337840122,Di Francesco,Alessia,1112.42,,112.42,AL,112.42,24.0,88.42,,Y,,L6MS2I,D,I,IT,HC,GM,01/12/2022,01/13/2022,1,,,,TE,EUR,N,,,,,,,,AGENT,A,1A,M294597,BITS,alessia,di francesco,6337840122,6337840122,6337840122|P
2130568,2515.0,12/17/2021,4406,RS,FC,TREV,12/17/2021,AZ,6337840131,Foscolo,Katia,49.22,,49.22,AL,49.22,17.0,32.22,,Y,,UBY3CP,D,I,IT,MGF,HR,12/21/2021,12/21/2021,1,,,,TE,EUR,N,,,,,,,,AGENT,A,1A,M161672,BITS,katia,foscolo,6337840131,6337840131,6337840131|P
2130587,2426.0,12/06/2021,4411,RB,FC,TREV,12/06/2021,U2,2401735548,DI CHIARA,FRANCESCO MR,102.23,,102.23,AL,102.23,102.23,0.0,,Y,,QHTRJD,D,I,IT,LS,LS,12/17/2021,12/17/2021,1,,,,TE,EUR,N,,,,,,,,AGENT,A,1A,M173719,BITS,francesco,di chiara,2401735548,2401735548,2401735548|P
2130589,2438.0,12/07/2021,4411,EZ,FC,TREV,12/07/2021,AZ,6337840119,QUARATINO,DANIELE MR,195.0,,195.0,AL,195.0,105.0,90.0,,Y,,TGEGYT,D,I,IT,LS,LS,12/13/2021,12/13/2021,1,,,,TE,EUR,N,,,,,,,,AGENT,A,1A,M176282,BITS,daniele,quaratino,6337840119,6337840119,6337840119|P
2130590,2439.0,12/07/2021,4411,EZ,FC,TREV,12/07/2021,AZ,6337840120,CENTOFANTI,ALESSIA,195.0,,195.0,AL,195.0,105.0,90.0,,Y,,TGFNRP,D,I,IT,LS,LS,12/13/2021,12/13/2021,1,,,,TE,EUR,N,,,,,,,,AGENT,A,1A,M274337,BITS,alessia,centofanti,6337840120,6337840120,6337840120|P
2130591,2467.0,12/10/2021,4411,RS,FC,TREV,12/10/2021,AZ,6337840125,ESPOSITO,FRANCESCO DR MR,273.11,,273.11,AL,273.11,193.0,80.11,,Y,,O4BEBC,D,I,IT,LS,LS,12/16/2021,12/17/2021,1,,,,TE,EUR,N,,,,,,,,AGENT,A,1A,M205227,BITS,francesco,esposito,6337840125,6337840125,6337840125|P
2130594,2493.0,12/14/2021,4411,RS,FC,TREV,12/14/2021,KL,6337840129,PEGGION,VERENA MRS,510.13,,510.13,AL,510.13,403.0,107.13,,Y,,LBCHST,I,I,IT,LS,LS,12/15/2021,12/17/2021,1,,,,TE,EUR,N,,,,,,,,AGENT,A,1A,M255300,BITS,verena,peggion,6337840129,6337840129,6337840129|P
2130597,2516.0,12/17/2021,4411,RS,FC,TREV,12/17/2021,AZ,6337840132,QUARATINO,DANIELE MR,182.98,,182.98,AL,182.98,141.0,41.98,,Y,,UDOCXN,D,I,IT,LS,LS,12/21/2021,12/21/2021,1,,,,TE,EUR,N,,,,,,,,AGENT,A,1A,M176282,BITS,daniele,quaratino,6337840132,6337840132,6337840132|P
2130567,2505.0,12/16/2021,4406,RS,FC,TREV,12/16/2021,AZ,6337840130,Sbraga,Maurizio,126.8,,112.42,AL,112.42,24.0,88.42,,Y,,S3P64E,D,I,IT,HC,IF,01/12/2022,01/13/2022,1,,,,TE,EUR,N,,,,,,,,AGENT,A,1A,M150366,BITS,maurizio,sbraga,6337840130,6337840130,6337840130|P
2130569,2518.0,12/17/2021,4406,RS,FC,TREV,12/17/2021,AZ,6337840134,Chirico,Nicola,141.6,,125.24,AL,125.24,45.0,80.24,,Y,,UHYV7R,D,I,IT,HC,GM,12/21/2021,12/22/2021,1,,,,TE,EUR,N,,,,,,,,AGENT,A,1A,M143390,BITS,nicola,chirico,6337840134,6337840134,6337840134|P
2130570,2519.0,12/17/2021,4406,RS,FC,TREV,12/17/2021,AZ,6337840135,Ultimo,Nicola,141.6,,125.24,AL,125.24,45.0,80.24,,Y,,UHZHFC,D,I,IT,HC,GM,12/21/2021,12/22/2021,1,,,,TE,EUR,N,,,,,,,,AGENT,A,1A,M143782,BITS,nicola,ultimo,6337840135,6337840135,6337840135|P
2130571,2520.0,12/17/2021,4406,RS,FC,TREV,12/17/2021,AZ,6337840136,Muserra,Giovanni,141.6,,125.24,AL,125.24,45.0,80.24,,Y,,UHYP65,D,I,IT,HC,GM,12/21/2021,12/22/2021,1,,,,TE,EUR,N,,,,,,,,AGENT,A,1A,M143608,BITS,giovanni,muserra,6337840136,6337840136,6337840136|P
2130572,2521.0,12/17/2021,4406,RS,FC,TREV,12/17/2021,AZ,6337840137,Anaclerio,Giuseppe,141.6,,125.24,AL,125.24,45.0,80.24,,Y,,UHYXQR,D,I,IT,HC,GM,12/21/2021,12/22/2021,1,,,,TE,EUR,N,,,,,,,,AGENT,A,1A,M143286,BITS,giuseppe,anaclerio,6337840137,6337840137,6337840137|P
2130573,2522.0,12/17/2021,4406,RS,FC,TREV,12/17/2021,AZ,6337840138,Papappicco,Giuseppe,141.6,,125.24,AL,125.24,45.0,80.24,,Y,,UH5EWG,D,I,IT,HC,GM,12/21/2021,12/22/2021,1,,,,TE,EUR,N,,,,,,,,AGENT,A,1A,M143639,BITS,giuseppe,papappicco,6337840138,6337840138,6337840138|P
2130580,2536.0,12/17/2021,4406,RB,FC,TREV,12/17/2021,AZ,6337840139,Pollio,Esther,126.8,,112.42,AL,112.42,24.0,88.42,,Y,,VDKIU4,D,I,IT,HC,IF,01/12/2022,01/13/2022,1,,,,TE,EUR,N,,,,,,,,AGENT,A,1A,M291504,BITS,esther,pollio,6337840139,6337840139,6337840139|P
213051,2360.0,12/01/2021,4406,SEL,FC,TREV,12/01/2021,EK,6337840111,Aloe,Alessandra,150.77,,150.77,AX,150.77,150.0,0.77,,Y,,WS87J2,I,I,IT,HC,DE,05/09/2022,05/13/2022,1,,,,TE,EUR,Y,6337840075.0,,,,,,,AGENT,A,1A,M214878,BITS,alessandra,aloe,6337840111,6337840111,6337840111|P
21305124,2541.0,12/22/2021,4406,RS,FC,TREV,12/12/2021,ZZ,,DI DATO,EMANUELE MR,,,,,,,,,,,NUIL6R,D,,IT,HC,GM,12/12/2021,12/17/2021,1,,,,TE,EUR,N,,,,,,,,AGENT,,1A,,BITS,emanuele,di dato,,,|P
21305117,2514.0,12/17/2021,4406,SEL,FC,TREV,12/05/2021,ZZ,,Lisco,Claudio,,,,,,,,,,,UW9LSW,D,,IT,NOHR,GM,12/05/2021,12/08/2021,1,,,,TE,EUR,N,,,,,,,,AGENT,,1A,X227104,BITS,claudio,lisco,,,|P
21305108,2416.0,12/03/2021,4406,SEL,FC,TREV,12/03/2021,ZZ,,Lisco,Claudio,,,,,,,,,,,UW9LSW,I,,IT,NOHR,GM,12/05/2021,12/08/2021,1,,,,TE,EUR,N,,,,,,,,AGENT,,1A,X227104,BITS,claudio,lisco,,,|P
