RECKEY,CHAINCOD,HOTELNAM,HOTCITY,HOTSTAT,METRO,DATEIN,DATEOUT,NIGHTS,ROOMS,NUMGUESTS,ROOMTYPE,BOOKRATE,MONEYTYPE,HPLUSMIN,HOTPHONE,HCOMMISSN,EXCPCODEH,HEXCPRATE,INVBYAGCY,CONFIRMNO,SVNGCODE,STNDRATE,TRANTYPE,HOTELADDR1,HOTELADDR2,HOTELZIP,HOTCOUNTRY,HOTSOURCE,HOTPROPID
21305100,IM,REGINA MARGHERITA HOTEL,CAGLIARI,,CAG,12/20/2021,12/21/2021,1,1,1,DUS,105.28,EUR,1,070670342,,,,F,,,,,VIALE REGINA MARGHERITA 44,,09124,IT,,
21305101,IM,REGINA MARGHERITA HOTEL,CAGLIARI,,CAG,12/20/2021,12/21/2021,1,1,1,DUS,105.28,EUR,1,070670342,,,,F,,,,,VIALE REGINA MARGHERITA 44,,09124,IT,,
21305102,N2,NOVOTEL PARMA CENTRO,PARMA,,PMF,12/16/2021,12/17/2021,1,1,1,DUS,82.7,EUR,1,,,,,F,,,,,VIA TRENTO 9,,43100,IT,,
21305103,IM,ADLER HOTEL,ZURICH,,ZRH,12/13/2021,12/14/2021,1,1,1,DUS,155.0,CHF,1,442669696,,,,F,,,,,ROSENGASSE 10 AM HIRSCHENPLATZ,,8001,CH,,
21305104,IM,ADLER HOTEL,ZURICH,,ZRH,12/13/2021,12/14/2021,1,1,1,DUS,155.0,CHF,1,442669696,,,,F,,,,,ROSENGASSE 10 AM HIRSCHENPLATZ,,8001,CH,,
21305105,IM,HOTEL AUX REMPARTS,ZURICH,,ZRH,12/12/2021,12/13/2021,1,1,1,DUS,129.0,CHF,1,263475656,,,,F,,,,,CHEM. MONTREVERS 1,,01700,CH,,
21305106,IM,HOTEL AUX REMPARTS,ZURICH,,ZRH,12/12/2021,12/13/2021,1,1,1,DUS,129.0,CHF,1,263475656,,,,F,,,,,CHEM. MONTREVERS 1,,01700,CH,,
21305108,IM,RINGHOTEL HOHENLOHE,FRANKFURT,,FRA,12/05/2021,12/08/2021,3,1,1,DUS,142.0,EUR,1,79175870,,,,T,,,,,WEILERTOR 14,,74523,DE,,
21305109,IM,REGIO HOTEL MANFREDI,FOGGIA,,FOG,12/17/2021,12/18/2021,1,1,1,DUS,61.0,EUR,1,39-0884-530122,,,,F,,,,,S.P. 58 MANFREDONIA,,71043,IT,,
21305110,IM,RINGHOTEL HOHENLOHE,FRANKFURT,,FRA,12/12/2021,12/18/2021,6,1,1,DUS,142.0,EUR,1,79175870,,,,T,,,,,WEILERTOR 14,,74523,DE,,
21305113,IM,HOHENLOHE HOTEL,STUTTGART,,STR,12/12/2021,12/17/2021,5,1,1,DUS,142.0,EUR,1,7917587,,,,T,,,,,WEILERTOR 14,,74523,DE,,
21305116,IM,EUROSTARS ROMA AETERNA,ROME,,ROM,12/21/2021,12/22/2021,1,1,1,DUS,68.0,EUR,1,0670603,,,,T,,,,,VIA CASILINA  125,,00176,IT,,
21305118,IM,EUROSTARS ROMA AETERNA,ROME,,ROM,12/21/2021,12/22/2021,1,1,1,DUS,68.0,EUR,1,0670603,,,,T,,,,,VIA CASILINA  125,,00176,IT,,
21305119,IM,EUROSTARS ROMA AETERNA,ROME,,ROM,12/21/2021,12/22/2021,1,1,1,DUS,62.0,EUR,1,0670603,,,,T,,,,,VIA CASILINA  125,,00176,IT,,
21305120,IM,EUROSTARS ROMA AETERNA,ROME,,ROM,12/21/2021,12/22/2021,1,1,1,DUS,62.0,EUR,1,0670603,,,,T,,,,,VIA CASILINA  125,,00176,IT,,
21305121,IM,EUROSTARS ROMA AETERNA,ROME,,ROM,12/21/2021,12/22/2021,1,1,1,DUS,62.0,EUR,1,0670603,,,,T,,,,,VIA CASILINA  125,,00176,IT,,
21305122,IM,EUROSTARS ROMA AETERNA,ROME,,ROM,12/21/2021,12/22/2021,1,1,1,DUS,62.0,EUR,1,0670603,,,,T,,,,,VIA CASILINA  125,,00176,IT,,
21305123,IM,DER EGGENTALER RESTAURANT HOTE,BOLZANO,,BZO,12/21/2021,12/22/2021,1,1,1,DUS,95.0,EUR,1,0471 365294,,,,F,,,,,EGGENTALERSTRASSE 47 / VIA VAL D'EG,,39053,IT,,
21305125,IM,LA PIEVE HOTEL,VICENZA,,VIC,12/15/2021,12/16/2021,1,1,1,DUS,79.31,EUR,1,0444421201,,,,F,,,,,VIA PIEVE 69,,36072,IT,,
21305126,IM,500 HOTEL,FLORENCE,,FLR,12/13/2021,12/14/2021,1,1,1,DUS,128.0,EUR,1,0558803500,,,,F,,,,,VIA TOMERELLO 1,,50013,IT,,
21305127,IM,500 HOTEL,FLORENCE,,FLR,12/13/2021,12/14/2021,1,1,1,DUS,-128.0,EUR,-1,0558803500,,,,F,,,,C,VIA TOMERELLO 1,,50013,IT,,
21305129,IM,500 HOTEL,FLORENCE,,FLR,12/13/2021,12/14/2021,1,1,1,DUS,0.0,EUR,1,0558803500,,,,F,,,,,VIA TOMERELLO 1,,50013,IT,,
21305130,N2,NOVOTEL PARIS EXPO PORTE DE VE,PARIS,,PAR,10/04/2021,10/07/2021,3,1,1,DUS,239.75,EUR,1,1/71254737,,,,T,,,,,4 BOULEVARD BRUNE,,75014,FR,,
21305131,IM,NILHOTEL,FLORENCE,,FLR,12/15/2021,12/16/2021,1,1,1,SGL,89.0,EUR,1,055795540,,,,F,,,,,VIA BARSANTI 27 A/B,,50127,IT,,
21305133,ME,MELIA MILANO,MILAN,,LIN,12/16/2021,12/17/2021,1,1,1,DUS,130.0,EUR,1,02444061,,,,F,,,,,VIA MASACCIO  19,,20149,IT,,
21305134,ME,MELIA MILANO,MILAN,,LIN,12/16/2021,12/17/2021,1,1,1,DUS,130.0,EUR,1,02444061,,,,F,,,,,VIA MASACCIO  19,,20149,IT,,
21305135,IM,ATHENA HOTEL,FLORENCE,,FLR,12/14/2021,12/15/2021,1,1,1,DUS,63.5,EUR,1,0577286313,,,,F,,,,,VIA PIETRO MASCAGNI 55,,53100,IT,,
21305139,M2,MERCURE BOLOGNA CENTRO,BOLOGNA,,BLQ,12/20/2021,12/21/2021,1,1,1,DUS,85.36,EUR,1,05142211,,,,F,,,,,VIALE PIETRAMELLARA 59,,40121,IT,,
21305141,IM,FOR YOU HOTEL,MILAN,,LIN,01/12/2022,01/14/2022,2,1,1,DUS,0.0,EUR,1,02 9246 2211,,,,F,,,,,VIA G. MAZZINI 3,,20063,IT,,
21305142,IM,IH HOTELS MILANO GIOIA,MILAN,,MIL,12/13/2021,12/14/2021,1,1,1,DUS,67.5,EUR,1,02366685,,,,F,,,,,VIA DELLA GIUSTIZIA  10/D,,20125,IT,,
21305148,N2,NOVOTEL PARMA CENTRO,PARMA,,PMF,12/16/2021,12/17/2021,1,1,1,1C1D,79.19,EUR,1,39/0521/2727,0.0,NONE,NONE,F,A0X5VLF516,NONE,NONE,I,VIA TRENTO 9,NONE,43122,IT,AM,RTPMFPAR
21305150,LM,HOTEL ADLER ZUERICH,ZURICH,,ZRH,12/13/2021,12/14/2021,1,1,1,1C1T,155.0,CHF,1,41442669696,0.0,HP,NONE,F,635698939,NONE,NONE,I,ROSENGASSE 10 AM HIRSCHENPLATZ,NONE,CH8001,CH,AM,LMZRHADL
21305151,LM,HOTEL ADLER ZUERICH,ZURICH,,ZRH,12/13/2021,12/14/2021,1,1,1,1C1T,155.0,CHF,1,41442669696,0.0,HP,NONE,F,635698831,NONE,NONE,I,ROSENGASSE 10 AM HIRSCHENPLATZ,NONE,CH8001,CH,AM,LMZRHADL
21305152,IM,AUX REMPARTS,ZURICH,,ZRH,12/12/2021,12/13/2021,1,1,1,NONE,129.0,CHF,1,NONE,0.0,HP,NONE,F,149283475CHEMI,NONE,NONE,I,NONE,NONE,NONE,CH,AM,NONE
21305154,IM,AUX REMPARTS,ZURICH,,ZRH,12/12/2021,12/13/2021,1,1,1,NONE,129.0,CHF,1,NONE,0.0,HP,NONE,F,149283475 HRSC,NONE,NONE,I,NONE,NONE,NONE,CH,AM,NONE
21305159,IM,RINGHOTEL HOHENLOHE,FRANKFURT,,FRA,12/05/2021,12/08/2021,3,1,1,NONE,142.0,EUR,1,NONE,0.0,NONE,NONE,F,MAILSCHW BISCH,NONE,NONE,I,NONE,NONE,NONE,DE,AM,NONE
21305169,YX,REGIO HOTEL MANFREDI,FOGGIA,,FOG,12/17/2021,12/18/2021,1,1,1,1C1D,59.0,EUR,1,390884530122,0.0,HP,NONE,F,8520SC000729,NONE,NONE,I,S.P. 58 MANFREDONIA,NONE,71043,IT,AM,YXFOGREG
21305170,YX,HOTEL REGINA MARGHERITA,CAGLIARI,,CAG,12/20/2021,12/21/2021,1,1,1,1C1S,105.27,EUR,1,39070670342,0.0,NONE,NONE,F,26491SC001698,NONE,NONE,I,VIALE REGINA MARGHERITA 44,NONE,09124,IT,AM,YXCAG238
21305173,LM,HOTEL ADLER ZUERICH,ZURICH,,ZRH,12/13/2021,12/14/2021,1,1,1,1C1T,155.0,CHF,1,41442669696,0.0,HP,NONE,F,635698831,NONE,NONE,I,ROSENGASSE 10 AM HIRSCHENPLATZ,NONE,CH8001,CH,AM,LMZRHADL
21305174,LM,HOTEL ADLER ZUERICH,ZURICH,,ZRH,12/13/2021,12/14/2021,1,1,1,1C1T,155.0,CHF,1,41442669696,0.0,HP,NONE,F,635698939,NONE,NONE,I,ROSENGASSE 10 AM HIRSCHENPLATZ,NONE,CH8001,CH,AM,LMZRHADL
21305185,IM,HOHENLOHE,MUNICH,,MUC,12/12/2021,12/17/2021,5,1,1,NONE,142.0,EUR,1,NONE,0.0,HP,NONE,F,HOTEL DIRECTWE,NONE,NONE,I,NONE,NONE,NONE,DE,AM,NONE
21305186,IM,RINGHOTEL HOHENLOHE,MUNICH,,MUC,12/12/2021,12/18/2021,6,1,1,NONE,142.0,EUR,1,NONE,0.0,NONE,NONE,F,MAILGERMANIA0,NONE,NONE,I,NONE,NONE,NONE,DE,AM,NONE
21305194,IM,LA PIEVE HOTEL,VICENZA,,VIC,12/15/2021,12/16/2021,1,1,1,NONE,79.3,EUR,1,NONE,0.0,HP,NONE,F,21551595-8946V,NONE,NONE,I,NONE,NONE,NONE,IT,AM,NONE
21305198,HA,EUROSTARS ROMA AETERNA,ROME,,ROM,12/21/2021,12/22/2021,1,1,1,1B2T,62.0,EUR,1,00390670603,0.0,HP,NONE,F,38294132,NONE,NONE,I,VIA CASILINA 125/PIAZZA DEL PI,NONE,00176,IT,AM,HAROMAET
21305199,YX,HOTEL REGINA MARGHERITA,CAGLIARI,,CAG,12/20/2021,12/21/2021,1,1,1,1C1S,105.27,EUR,1,39070670342,0.0,NONE,NONE,F,26491SC001700,NONE,NONE,I,VIALE REGINA MARGHERITA 44,NONE,09124,IT,AM,YXCAG238
21305201,HA,EUROSTARS ROMA AETERNA,ROME,,ROM,12/21/2021,12/22/2021,1,1,1,1B2T,62.0,EUR,1,00390670603,0.0,HP,NONE,F,38298351,NONE,NONE,I,VIA CASILINA 125/PIAZZA DEL PI,NONE,00176,IT,AM,HAROMAET
21305202,HA,EUROSTARS ROMA AETERNA,ROME,,ROM,12/21/2021,12/22/2021,1,1,1,1B2T,62.0,EUR,1,00390670603,0.0,HP,NONE,F,38298361,NONE,NONE,I,VIA CASILINA 125/PIAZZA DEL PI,NONE,00176,IT,AM,HAROMAET
21305203,HA,EUROSTARS ROMA AETERNA,ROME,,ROM,12/21/2021,12/22/2021,1,1,1,1B2T,62.0,EUR,1,00390670603,0.0,HP,NONE,F,38298359,NONE,NONE,I,VIA CASILINA 125/PIAZZA DEL PI,NONE,00176,IT,AM,HAROMAET
21305204,HA,EUROSTARS ROMA AETERNA,ROME,,ROM,12/21/2021,12/22/2021,1,1,1,1B2T,62.0,EUR,1,00390670603,0.0,HP,NONE,F,38298333,NONE,NONE,I,VIA CASILINA 125/PIAZZA DEL PI,NONE,00176,IT,AM,HAROMAET
21305205,HA,EUROSTARS ROMA AETERNA,ROME,,ROM,12/21/2021,12/22/2021,1,1,1,1B2T,62.0,EUR,1,00390670603,0.0,HP,NONE,F,38298327,NONE,NONE,I,VIA CASILINA 125/PIAZZA DEL PI,NONE,00176,IT,AM,HAROMAET
21305210,IM,EGGENTALER HOTEL,BOLZANO,,BZO,12/21/2021,12/22/2021,1,1,1,NONE,95.0,EUR,1,NONE,0.0,HP,NONE,F,HOTEL DIRECTVI,NONE,NONE,I,NONE,NONE,NONE,IT,AM,NONE
21305221,IM,NILHOTEL,FLORENCE,,FLR,12/15/2021,12/16/2021,1,1,1,NONE,89.0,EUR,1,NONE,0.0,HP,NONE,F,149372694-66762,NONE,NONE,I,NONE,NONE,NONE,IT,AM,NONE
21305224,IM,MELIA MILANO,MILAN,,MIL,12/16/2021,12/17/2021,1,1,1,NONE,130.0,EUR,1,NONE,0.0,HP,NONE,F,149399003-68075,NONE,NONE,I,NONE,NONE,NONE,IT,AM,NONE
21305225,IM,MELIA MILANO,MILAN,,MIL,12/16/2021,12/17/2021,1,1,1,NONE,130.0,EUR,1,NONE,0.0,HP,NONE,F,149412158-90999,NONE,NONE,I,NONE,NONE,NONE,IT,AM,NONE
21305226,YX,ATHENA HOTEL,SALISBURY,,SAY,12/14/2021,12/15/2021,1,1,1,1C1S,61.0,EUR,1,390577286313,0.0,HP,NONE,F,8534SC000121,NONE,NONE,I,VIA PALO MASCAGNI 55,NONE,53100,ZW,AM,YXSAYATH
21305237,M2,MERCURE BOLOGNA CENTRO,BOLOGNA,,BLQ,12/20/2021,12/21/2021,1,1,1,1A1D,85.36,EUR,1,39/051/42211,0.0,HP,NONE,F,1310VLJ558,NONE,NONE,I,VIALE PIETRAMELLARA 59,NONE,40121,IT,AM,RTBLQETA
21305241,IM,FOR YOU HOTEL - CERNUSCO SUL NAV,MILAN,,LIN,01/12/2022,01/14/2022,2,1,1,NONE,134.39,EUR,1,NONE,0.0,HP,NONE,F,21554261-5141V,NONE,NONE,I,NONE,NONE,NONE,IT,AM,NONE
