RECKEY,COMPANY,AUTOCITY,AUTOSTAT,CITYCODE,RENTDATE,DATEBACK,DAYS,ABOOKRAT,CARTYPE,RATETYPE,MONEYTYPE,CPLUSMIN,CCOMMISN,CARCODE,EXCPCODEC,CEXCPRATE,INVBYAGCY,CONFIRMNO,SVNGCODE,STNDRATE,TRANTYPE,RECKEY_OLD,PASSFRST,PASSLAST,RECLOC,PASSFRST2
21305239,SIXT CAR,MILAN,IT,MIL,01/11/2022,01/12/2022,1,31.4,EDMR,DY,EUR,1,0.0,SX,,0.0,F,9916014986,,,I,21305239,ALBERTO,LOMBARDI,W8QOJN,ALBERTO
21305238,SIXT CAR,BOLOGNA,IT,BLQ,12/21/2021,12/21/2021,1,31.4,EDMR,DY,EUR,1,0.0,SX,,0.0,F,9915817575,,,I,21305238,DARIO,BONI,SGJ2MC,DARIO
21305233,SIXT CAR,MILAN,IT,LIN,12/16/2021,12/17/2021,1,29.2,ECMR,DY,EUR,1,0.0,SX,,0.0,F,,,,I,21305233,FRANCESCO DR,ESPOSITO,R5UW9A,FRANCESCO
21305231,SIXT CAR,MILAN,IT,LIN,12/17/2021,12/17/2021,1,29.2,ECMR,DY,EUR,1,0.0,SX,,0.0,F,,,,I,21305231,FRANCESCO DR,ESPOSITO,OFQS7D,FRANCESCO
21305222,SIXT CAR,TURIN,IT,TRN,12/13/2021,12/18/2021,5,31.4,EDMR,DY,EUR,1,0.0,SX,,0.0,F,,,,I,21305222,SIMONE,MORGIA,L94VSH,SIMONE
21305191,AVIS,REGGIO CALABRIA,IT,REG,12/15/2021,12/16/2021,1,47.0,CDMR,DY,EUR,1,0.0,ZI,,0.0,F,19407579IT2,,,I,21305191,Gennaro,Fazzi,LG4S9U,Gennaro
21305184,SIXT CAR,MUNICH,DE,MUC,12/12/2021,12/17/2021,5,31.52,CDMR,DY,EUR,1,0.0,SX,,0.0,F,9915669573,,,I,21305184,EMANUELE,DI DATO,NUIL6R,EMANUELE
21305159,SIXT CAR,FRANKFURT,DE,FRA,12/05/2021,12/08/2021,3,33.18,CDMR,DY,EUR,1,0.0,SX,,0.0,F,9915508479,,,I,21305159,Claudio,Lisco,UW9LSW,Claudio
21305138,SIXT CAR,BOLOGNA,IT,BLQ,12/21/2021,12/21/2021,1,56.53,,DY,EUR,1,,SX,,,T,,,,,21305138,DARIO,BONANNI,SGJ2MC,DARIO
21305115,SIXT CAR,FRANKFURT,DE,FRA,12/05/2021,12/08/2021,3,-59.72,,DY,EUR,-1,,SX,,,T,,,,C,21305115,Claudio,Lisco,UW9LSW,Claudio
21305112,SIXT CAR,MUNICH,DE,MUC,12/12/2021,12/17/2021,5,-55.77,,DY,EUR,-1,,SX,,,T,,,,C,21305112,EMANUELE MR,DI DATO,NUIL6R,EMANUELE
